Employee_ID,Age,Gender,Department,Education_Level,Experience_Years,Projects_Completed,Training_Score,Attendance_Percentage,Monthly_Salary,Overtime_Hours,Work_From_Home_Days,Team_Size,Leadership_Score,Communication_Score,Job_Satisfaction,Performance_Rating,Late_Coming_Count,Awards_Won,Certifications,Promotion
EMP0001,59,Female,Finance,Master,15,25,62,78,55825,28,3,6,3,6,8,2,0,5,5,0
EMP0002,49,Male,Marketing,PhD,11,14,95,65,95740,38,6,10,7,1,5,3,5,5,2,0
EMP0003,35,Male,HR,Master,11,5,45,97,53885,3,5,2,3,3,7,2,10,1,4,0
EMP0004,28,Female,Operations,MBA,19,11,61,87,65056,2,12,10,5,7,1,4,2,5,9,0
EMP0005,41,Male,HR,MBA,5,16,89,60,28203,28,10,11,7,8,2,1,0,5,4,0
EMP0006,59,Male,Finance,Master,22,2,77,94,85241,10,7,5,3,4,1,3,7,0,0,0
EMP0007,39,Female,Operations,MBA,3,8,76,99,27244,32,0,4,2,3,5,2,3,1,2,0
EMP0008,43,Male,Sales,Bachelor,5,11,84,67,123322,37,9,11,6,1,6,3,9,0,2,0
EMP0009,31,Male,IT,PhD,10,29,90,66,140329,10,12,16,8,9,9,2,7,2,0,0
EMP0010,31,Female,Finance,Bachelor,0,18,93,70,93619,26,10,12,4,6,8,3,9,2,6,0
EMP0011,44,Female,Finance,PhD,23,3,47,98,46584,32,6,15,9,6,7,2,13,1,0,0
EMP0012,56,Male,Marketing,Master,22,26,80,63,33521,20,11,7,8,9,5,1,10,1,6,0
EMP0013,44,Male,HR,Bachelor,14,1,88,84,75017,38,6,13,7,1,3,2,3,5,3,0
EMP0014,23,Female,Finance,Master,10,11,74,71,58541,30,10,14,7,6,9,4,3,2,8,0
EMP0015,42,Female,Finance,Master,24,16,90,85,54063,37,6,18,3,5,5,3,11,4,6,0
EMP0016,22,Male,Sales,PhD,18,18,50,97,95268,1,6,17,6,6,3,3,13,3,4,0
EMP0017,44,Female,Sales,PhD,17,16,63,71,143206,26,9,4,5,8,3,4,9,5,6,0
EMP0018,50,Male,Operations,PhD,16,23,88,96,89952,35,13,3,1,5,3,4,3,3,8,0
EMP0019,58,Male,IT,Bachelor,18,10,60,83,118054,10,9,12,3,2,6,1,5,2,9,0
EMP0020,22,Male,Marketing,MBA,20,18,90,75,64563,17,7,10,1,2,1,3,13,3,5,0
EMP0021,41,Male,IT,PhD,13,6,41,72,64752,0,8,4,4,5,4,1,8,4,0,0
EMP0022,53,Male,Operations,PhD,17,19,79,84,120233,34,8,19,3,3,8,3,4,4,5,0
EMP0023,32,Female,Sales,Bachelor,18,4,58,63,27567,34,1,16,4,3,3,3,11,0,0,0
EMP0024,42,Female,HR,PhD,14,27,78,70,41121,30,12,15,9,8,5,1,12,1,3,0
EMP0025,45,Female,Sales,Bachelor,14,13,67,91,26674,27,12,3,3,7,2,3,9,3,7,0
EMP0026,47,Female,Marketing,Master,3,24,98,66,101411,38,6,18,6,1,2,3,13,4,4,0
EMP0027,48,Male,Sales,PhD,6,14,56,70,134876,0,6,9,6,5,7,1,14,1,4,0
EMP0028,36,Male,Marketing,PhD,12,3,45,87,91275,24,3,11,7,9,3,2,7,1,9,0
EMP0029,35,Male,Marketing,Master,2,10,58,82,92081,37,8,19,9,4,5,1,7,0,7,0
EMP0030,23,Male,Marketing,Master,15,6,95,82,54140,19,7,9,7,1,3,3,3,1,7,0
EMP0031,57,Female,Operations,Master,8,1,77,87,34327,2,11,9,1,8,6,4,14,1,0,0
EMP0032,27,Male,Marketing,PhD,7,23,67,85,95663,1,0,4,8,5,3,2,10,5,4,0
EMP0033,41,Male,Marketing,MBA,19,24,41,84,48331,17,1,4,5,2,8,4,9,2,4,0
EMP0034,29,Female,HR,MBA,12,27,77,88,48004,9,12,13,9,1,2,2,8,0,7,0
EMP0035,59,Female,IT,MBA,16,14,94,78,132369,4,14,18,5,3,3,4,8,0,0,0
EMP0036,38,Female,Finance,PhD,16,8,76,92,144243,8,12,5,5,9,8,2,4,3,6,0
EMP0037,24,Female,IT,Master,16,19,90,95,35492,1,1,18,2,1,8,1,5,1,6,0
EMP0038,45,Male,Marketing,PhD,0,14,91,73,79797,33,11,15,3,4,1,2,4,3,8,0
EMP0039,34,Male,HR,Master,7,10,43,73,83095,37,11,10,9,8,8,2,2,5,1,0
EMP0040,29,Female,Sales,PhD,18,17,61,94,38749,30,10,13,7,8,2,2,10,4,2,0
EMP0041,46,Male,HR,PhD,5,9,65,89,88217,9,14,6,1,8,7,3,7,1,3,0
EMP0042,22,Male,Marketing,Master,2,29,88,87,114044,11,14,12,3,8,6,4,8,4,0,0
EMP0043,40,Male,HR,MBA,4,6,82,76,34045,35,7,4,2,4,2,1,14,2,6,0
EMP0044,48,Female,HR,Master,12,11,75,62,45116,20,14,16,1,8,5,4,3,5,9,0
EMP0045,27,Male,Marketing,Bachelor,14,25,97,75,43667,5,0,15,9,9,7,4,8,1,2,0
EMP0046,28,Female,Operations,Bachelor,13,7,52,89,100057,2,3,12,8,7,8,1,8,3,2,0
EMP0047,55,Male,HR,Master,22,17,91,88,99205,9,9,9,5,2,3,3,6,3,2,0
EMP0048,34,Male,Finance,PhD,15,28,97,74,52302,4,11,5,2,9,1,2,7,1,7,0
EMP0049,37,Male,Finance,Bachelor,17,28,71,84,36283,25,4,13,1,8,7,3,14,3,8,0
EMP0050,56,Female,HR,Bachelor,21,1,56,97,55935,20,8,9,7,5,5,3,2,1,9,0
EMP0051,24,Male,Operations,PhD,21,22,80,97,97534,25,6,7,2,3,5,2,14,0,1,0
EMP0052,22,Female,Sales,PhD,10,5,75,82,119342,37,7,16,1,7,7,4,4,3,9,0
EMP0053,26,Female,Marketing,MBA,2,9,94,84,56624,25,13,13,2,2,1,2,2,1,9,0
EMP0054,24,Female,Finance,PhD,21,18,99,66,38440,7,10,17,7,3,8,1,6,1,0,0
EMP0055,49,Male,Sales,Master,9,24,85,81,136001,4,8,17,7,9,5,2,5,3,8,0
EMP0056,38,Male,HR,Master,9,27,58,76,71501,14,12,5,6,4,8,4,10,0,5,0
EMP0057,46,Male,Sales,MBA,20,21,97,77,112333,15,6,12,5,4,5,3,2,3,8,0
EMP0058,54,Male,IT,Bachelor,15,2,99,69,26269,0,4,14,3,3,7,3,8,1,5,0
EMP0059,30,Female,Finance,Bachelor,11,29,74,69,32868,15,12,10,3,5,3,2,11,0,1,0
EMP0060,56,Female,HR,PhD,1,26,85,66,55251,36,14,5,9,3,2,1,0,4,0,0
EMP0061,34,Female,Marketing,Master,8,11,79,97,102909,2,4,13,4,9,6,4,9,2,7,0
EMP0062,51,Male,Operations,Bachelor,23,27,95,86,109523,30,9,10,9,3,5,3,2,3,2,1
EMP0063,35,Female,HR,MBA,2,28,98,92,63729,12,10,14,4,2,9,2,14,5,0,0
EMP0064,28,Male,Marketing,MBA,23,6,67,60,40734,15,5,17,2,5,4,1,14,1,7,0
EMP0065,34,Female,Operations,Master,24,26,40,93,67429,20,4,7,4,6,3,1,14,0,0,0
EMP0066,43,Male,Operations,MBA,14,8,81,63,66337,1,12,11,6,1,9,3,10,0,7,0
EMP0067,41,Male,HR,MBA,2,4,57,76,65325,26,11,14,6,6,8,3,14,4,0,0
EMP0068,36,Female,Sales,Master,18,18,87,63,108600,37,10,8,5,3,6,4,9,3,8,0
EMP0069,38,Female,Sales,PhD,17,28,79,85,87514,25,8,18,1,4,1,1,10,5,8,0
EMP0070,44,Female,Operations,PhD,7,11,72,63,33433,37,2,14,3,6,1,4,6,0,8,0
EMP0071,46,Female,Sales,MBA,16,5,51,60,138957,24,2,14,5,8,6,1,2,4,2,0
EMP0072,45,Male,IT,PhD,7,15,47,66,34111,10,14,3,6,9,3,1,13,1,3,0
EMP0073,49,Female,Operations,PhD,6,28,63,89,128986,7,6,11,1,6,3,2,2,4,4,0
EMP0074,35,Female,Operations,MBA,6,18,55,68,88753,7,6,14,9,7,6,3,1,3,5,0
EMP0075,21,Female,Marketing,PhD,2,2,89,94,138783,32,5,10,3,5,3,1,8,4,8,0
EMP0076,45,Male,Sales,MBA,0,22,43,67,105583,6,2,2,3,9,6,4,10,0,3,0
EMP0077,27,Male,Operations,Bachelor,3,11,77,83,98620,37,13,15,2,4,5,3,3,0,5,0
EMP0078,29,Female,IT,Master,24,26,83,78,46751,20,12,17,8,6,4,4,9,2,0,0
EMP0079,44,Male,Marketing,Master,4,25,66,95,41453,7,6,16,3,5,8,3,12,4,1,0
EMP0080,21,Female,HR,PhD,0,13,48,86,110844,20,4,2,6,1,2,3,5,1,7,0
EMP0081,28,Male,Operations,PhD,14,4,86,91,63968,19,6,18,2,5,7,1,1,5,3,0
EMP0082,44,Male,IT,PhD,4,22,55,73,55077,7,1,14,7,5,4,2,8,5,9,0
EMP0083,31,Male,Finance,Master,12,7,95,77,133582,30,5,16,4,9,2,1,14,3,6,0
EMP0084,37,Male,IT,Bachelor,7,29,51,87,59775,28,13,17,9,1,7,3,6,2,3,0
EMP0085,28,Female,IT,Bachelor,7,11,70,88,83144,8,7,17,9,5,1,1,9,4,8,0
EMP0086,55,Female,Marketing,Master,4,22,63,75,73570,14,0,3,7,7,4,1,4,1,8,0
EMP0087,55,Female,HR,Bachelor,8,24,94,94,71097,29,3,18,8,6,9,3,6,2,3,1
EMP0088,53,Male,Finance,Master,0,4,53,90,49503,25,10,12,3,6,4,3,13,0,7,0
EMP0089,25,Female,Sales,Bachelor,3,28,84,63,27779,9,0,9,5,7,3,1,3,3,5,0
EMP0090,59,Female,Sales,MBA,2,15,64,96,111840,28,13,4,2,6,2,1,12,4,0,0
EMP0091,48,Female,IT,MBA,1,1,73,76,25755,15,0,13,7,5,3,1,9,5,6,0
EMP0092,27,Male,Marketing,Master,7,23,42,98,64263,35,9,17,8,5,1,4,12,1,0,0
EMP0093,29,Male,Marketing,Bachelor,22,3,97,85,133491,19,11,15,9,9,8,1,14,0,2,0
EMP0094,28,Male,Sales,PhD,8,14,63,98,80087,36,13,17,7,8,1,4,6,2,7,0
EMP0095,32,Female,Finance,Bachelor,1,6,93,63,67281,21,13,18,8,4,3,2,1,3,8,0
EMP0096,54,Female,HR,MBA,13,18,81,89,76482,6,10,12,9,4,3,4,6,2,2,1
EMP0097,53,Female,Finance,MBA,13,25,48,89,79857,22,7,18,6,5,2,1,14,5,0,0
EMP0098,43,Male,Operations,Bachelor,3,1,65,81,147989,39,6,2,2,3,5,2,3,2,0,0
EMP0099,44,Male,Operations,Bachelor,5,6,59,70,42400,28,11,13,2,8,3,4,3,1,6,0
EMP0100,57,Female,HR,PhD,10,6,79,61,65115,15,9,16,4,7,3,4,0,0,4,0
EMP0101,55,Male,Sales,PhD,2,21,49,71,39249,37,12,19,9,5,8,3,11,4,0,0
EMP0102,42,Male,HR,Bachelor,7,16,58,89,138183,27,0,15,7,3,4,2,2,1,5,0
EMP0103,47,Male,Marketing,Bachelor,2,29,42,95,71825,37,10,2,2,5,4,3,4,5,5,0
EMP0104,55,Male,Operations,Bachelor,13,5,63,77,135361,30,13,14,8,3,3,2,4,3,3,0
EMP0105,21,Female,IT,Bachelor,12,17,44,85,49600,13,12,16,7,5,1,4,1,5,6,0
EMP0106,55,Male,IT,Master,12,10,42,66,62706,32,1,8,9,1,8,3,3,5,6,0
EMP0107,57,Male,Sales,Bachelor,1,28,97,60,44222,8,3,16,8,6,1,1,0,2,8,0
EMP0108,34,Male,Marketing,PhD,12,21,66,85,124041,26,0,11,3,4,7,4,14,3,0,0
EMP0109,23,Male,Finance,MBA,18,18,55,82,129504,23,2,15,1,4,5,2,8,1,4,0
EMP0110,21,Female,Marketing,Master,5,7,88,85,66139,12,7,7,2,8,4,2,0,5,9,0
EMP0111,25,Female,IT,Bachelor,15,3,54,65,139919,25,7,15,2,2,4,3,5,1,2,0
EMP0112,46,Male,IT,MBA,1,13,74,65,141605,28,7,13,4,4,8,3,6,4,6,0
EMP0113,34,Male,Operations,Master,7,15,51,67,66302,27,5,12,6,2,6,2,2,2,3,0
EMP0114,59,Male,Marketing,MBA,16,20,80,83,119684,27,5,3,4,1,1,4,11,1,3,0
EMP0115,47,Male,Marketing,Bachelor,22,19,92,81,112838,7,4,2,9,3,8,3,14,3,0,1
EMP0116,29,Male,IT,Bachelor,1,3,83,78,93159,22,12,9,4,8,2,1,0,5,0,0
EMP0117,35,Male,Finance,PhD,9,4,65,96,33646,28,8,15,6,6,6,2,6,4,9,0
EMP0118,35,Female,Sales,Bachelor,15,5,86,77,38543,4,3,10,6,7,9,1,2,3,1,0
EMP0119,46,Male,Sales,Bachelor,5,1,73,90,119496,6,9,3,1,2,1,2,12,2,1,0
EMP0120,33,Female,Marketing,Master,1,4,62,96,47785,35,14,6,8,6,6,1,9,4,0,0
EMP0121,52,Female,Sales,PhD,1,12,70,89,103353,26,11,9,3,8,8,4,11,4,7,0
EMP0122,59,Male,IT,Master,12,28,89,92,56406,1,11,17,6,8,2,2,11,4,5,0
EMP0123,52,Female,IT,MBA,23,27,59,69,113992,24,11,17,3,4,5,4,5,5,5,0
EMP0124,24,Female,Marketing,Bachelor,14,24,51,96,76428,8,6,14,2,6,6,3,12,0,9,0
EMP0125,50,Female,Marketing,MBA,1,10,62,71,48777,26,0,16,5,5,5,2,11,4,9,0
EMP0126,57,Female,Operations,Master,6,23,43,89,82939,0,14,2,1,9,3,4,13,3,8,0
EMP0127,43,Female,Marketing,Bachelor,2,25,62,86,78026,22,8,4,9,8,4,1,5,3,4,0
EMP0128,59,Female,Finance,Bachelor,7,21,87,98,111450,9,6,7,7,2,7,4,13,2,3,1
EMP0129,35,Male,Sales,Master,22,29,94,68,54553,24,9,15,3,7,4,2,11,1,5,0
EMP0130,49,Female,Marketing,Master,13,26,87,80,48548,2,11,5,4,7,9,4,3,1,7,0
EMP0131,56,Female,HR,Master,23,20,40,71,88221,5,8,19,6,1,2,1,11,0,0,0
EMP0132,33,Female,Operations,Master,22,24,93,88,62265,5,6,16,3,1,5,1,10,5,6,0
EMP0133,52,Male,HR,Master,21,25,64,92,65701,1,1,10,7,4,8,1,5,5,7,0
EMP0134,27,Female,IT,Bachelor,6,13,41,74,76287,17,14,19,6,5,5,3,10,4,8,0
EMP0135,42,Male,Sales,Master,20,23,69,61,31727,22,5,4,9,4,8,2,9,0,7,0
EMP0136,48,Female,Marketing,Bachelor,6,14,42,98,135460,1,9,11,5,7,8,1,3,2,6,0
EMP0137,22,Male,HR,Bachelor,0,23,97,77,75717,11,11,18,4,3,9,3,14,2,2,0
EMP0138,26,Male,Sales,Master,16,5,60,62,57427,21,10,8,3,7,6,1,12,1,1,0
EMP0139,48,Female,IT,Master,8,4,64,66,41692,36,3,16,1,8,4,4,7,2,2,0
EMP0140,48,Female,Finance,PhD,20,14,59,77,56625,19,2,2,3,6,3,2,8,4,3,0
EMP0141,40,Male,Operations,Bachelor,12,10,88,97,49918,38,1,12,3,6,5,4,1,3,3,0
EMP0142,50,Female,Sales,Master,20,17,91,96,131931,23,5,18,7,8,6,3,6,2,5,1
EMP0143,31,Male,Sales,Master,18,10,61,92,66136,19,7,6,7,8,3,4,8,0,6,0
EMP0144,48,Male,Finance,Master,20,26,60,90,139826,0,5,8,1,7,2,4,8,4,3,0
EMP0145,45,Male,Sales,PhD,18,7,72,70,139881,0,8,16,3,6,7,1,11,2,9,0
EMP0146,59,Male,IT,PhD,24,16,91,63,77409,16,13,4,8,6,5,4,4,5,5,0
EMP0147,53,Male,IT,MBA,24,1,77,77,40577,0,4,16,9,6,9,1,0,2,8,0
EMP0148,21,Female,Finance,Bachelor,21,17,54,63,110155,29,1,6,7,8,3,1,5,5,5,0
EMP0149,47,Male,Operations,MBA,16,21,97,93,136776,2,7,13,7,1,8,2,14,4,2,0
EMP0150,33,Male,Marketing,Master,22,29,97,88,124246,10,8,6,8,5,6,3,7,2,0,1
EMP0151,23,Female,HR,PhD,22,9,85,83,127924,23,13,4,6,3,4,3,0,5,9,0
EMP0152,59,Male,Marketing,PhD,9,6,91,81,145408,21,9,10,3,8,9,3,1,3,9,0
EMP0153,26,Female,Sales,MBA,9,19,54,61,106731,25,3,10,1,6,5,1,12,1,4,0
EMP0154,28,Female,HR,PhD,3,13,85,65,52689,12,5,8,7,2,6,3,12,4,9,0
EMP0155,47,Female,Finance,Master,7,3,64,84,36154,0,14,3,1,7,9,1,0,5,9,0
EMP0156,29,Male,Finance,PhD,21,7,60,80,129657,23,10,17,1,7,7,2,4,0,2,0
EMP0157,57,Male,Operations,MBA,19,22,63,75,119948,9,9,10,9,5,5,3,1,2,7,0
EMP0158,53,Male,HR,Master,19,9,96,90,46341,34,7,14,7,8,2,1,14,5,9,0
EMP0159,44,Female,IT,MBA,17,22,97,73,122554,23,8,18,4,5,4,3,9,5,0,0
EMP0160,35,Male,HR,PhD,13,5,44,98,99681,27,11,7,6,1,2,3,9,5,1,0
EMP0161,52,Female,Sales,MBA,17,10,45,87,132798,35,4,5,1,9,3,2,13,1,2,0
EMP0162,52,Male,IT,MBA,13,23,88,91,71330,15,11,2,7,4,3,4,3,0,2,1
EMP0163,44,Female,Finance,Bachelor,19,17,82,87,143069,39,5,19,6,2,4,3,0,0,7,0
EMP0164,32,Male,HR,PhD,20,12,87,68,112759,15,10,10,4,4,6,2,6,3,4,0
EMP0165,59,Male,Marketing,PhD,23,23,83,81,93416,16,3,14,7,9,3,3,7,1,7,1
EMP0166,22,Male,Operations,MBA,14,16,86,91,111807,14,4,9,3,2,1,3,4,5,5,0
EMP0167,23,Female,Marketing,Bachelor,21,3,62,64,58313,15,6,14,1,4,1,3,1,4,1,0
EMP0168,57,Female,Operations,PhD,3,25,43,82,71900,14,8,16,4,2,9,3,7,1,3,0
EMP0169,37,Male,Sales,Master,12,22,66,64,103840,33,9,12,3,5,9,4,0,1,8,0
EMP0170,22,Male,Marketing,MBA,22,9,57,91,59695,10,10,13,1,3,5,4,14,0,3,0
EMP0171,22,Female,HR,PhD,7,29,60,69,55225,0,12,15,2,2,9,3,6,3,4,0
EMP0172,48,Female,HR,Master,17,15,67,98,111072,14,5,5,5,9,7,3,0,3,4,0
EMP0173,43,Female,Marketing,PhD,11,5,74,74,121367,25,13,2,8,5,9,2,11,1,9,0
EMP0174,57,Male,HR,Master,22,23,61,66,74156,3,5,5,1,5,7,2,5,1,7,0
EMP0175,52,Female,Sales,MBA,13,13,79,88,102209,4,7,10,4,1,9,1,12,2,5,0
EMP0176,53,Male,IT,PhD,1,14,62,62,112453,34,10,11,4,6,2,4,5,5,9,0
EMP0177,21,Female,Sales,PhD,17,20,42,78,52829,12,3,5,5,7,8,3,14,0,6,0
EMP0178,39,Male,Operations,Bachelor,23,15,79,69,105908,9,2,10,7,1,7,4,4,5,5,0
EMP0179,22,Female,Sales,MBA,1,16,89,87,50938,10,13,14,8,9,6,2,14,4,4,0
EMP0180,46,Female,Operations,Master,10,23,49,88,84164,17,6,13,6,8,5,4,1,4,4,0
EMP0181,52,Female,HR,PhD,8,13,64,74,79530,33,4,12,1,8,4,4,1,3,2,0
EMP0182,26,Female,IT,PhD,11,17,91,94,145921,38,1,13,7,7,7,3,8,0,6,1
EMP0183,52,Female,HR,Master,16,23,88,65,93199,22,1,19,3,5,3,3,4,5,9,0
EMP0184,24,Male,Finance,MBA,14,8,47,71,85282,6,10,13,6,3,8,2,4,3,4,0
EMP0185,31,Female,HR,Bachelor,24,21,94,97,72801,38,5,17,8,9,2,3,6,4,6,1
EMP0186,37,Female,Operations,Bachelor,16,2,50,72,34465,2,7,6,7,7,1,2,5,1,1,0
EMP0187,58,Female,HR,PhD,17,5,44,88,28326,11,0,13,6,8,2,2,1,0,8,0
EMP0188,44,Male,HR,Master,21,6,97,78,28659,6,14,12,9,6,9,1,10,0,7,0
EMP0189,25,Female,IT,PhD,5,12,84,62,85289,25,10,10,9,5,5,1,0,5,4,0
EMP0190,54,Male,HR,Master,16,18,92,67,52594,32,5,19,1,8,8,1,4,2,1,0
EMP0191,26,Female,IT,Bachelor,22,22,94,67,140819,36,11,4,1,3,3,4,3,5,5,0
EMP0192,42,Female,Marketing,MBA,23,22,76,79,29763,14,1,18,1,7,7,1,11,1,7,0
EMP0193,31,Male,Finance,Master,17,1,95,63,113657,1,1,15,8,2,2,3,2,1,6,0
EMP0194,36,Female,IT,Bachelor,7,17,98,80,35828,6,6,2,7,3,8,3,1,3,7,0
EMP0195,53,Male,Operations,PhD,8,11,84,62,72588,31,9,18,3,2,7,1,9,0,3,0
EMP0196,29,Male,Marketing,Master,5,10,77,67,36221,3,0,9,2,5,5,4,1,3,2,0
EMP0197,26,Female,IT,MBA,4,19,68,82,36211,19,5,6,4,7,4,2,13,1,6,0
EMP0198,36,Male,IT,PhD,11,14,44,75,38569,35,13,6,3,1,1,4,14,2,1,0
EMP0199,49,Female,Finance,PhD,24,26,48,72,121894,31,6,10,7,9,5,4,3,0,4,0
EMP0200,23,Female,Operations,Bachelor,10,10,98,62,62860,27,13,4,8,1,9,2,1,1,6,0
EMP0201,40,Male,Sales,Master,24,15,87,68,96558,12,7,10,6,1,4,2,3,2,0,0
EMP0202,56,Male,Sales,PhD,0,28,41,73,70337,0,6,19,3,8,9,2,2,5,3,0
EMP0203,39,Male,IT,MBA,10,19,40,72,77311,34,5,17,6,6,2,3,8,4,1,0
EMP0204,46,Male,HR,Master,18,4,79,66,38515,29,8,2,2,6,4,2,6,1,5,0
EMP0205,23,Female,Operations,MBA,8,2,99,74,96695,35,12,3,7,9,9,2,13,4,0,0
EMP0206,39,Female,Marketing,PhD,1,9,90,66,147006,24,2,15,7,4,4,4,12,3,6,0
EMP0207,40,Male,HR,MBA,11,10,69,97,136527,15,10,15,4,8,5,4,10,4,2,0
EMP0208,52,Female,HR,Bachelor,3,28,50,93,131749,18,5,2,8,4,8,1,14,1,0,0
EMP0209,27,Female,Operations,MBA,3,11,67,81,112227,0,3,17,4,2,1,4,11,4,7,0
EMP0210,53,Female,IT,Master,17,14,83,83,49904,4,1,16,7,8,1,2,2,0,6,0
EMP0211,59,Female,IT,MBA,14,7,51,96,84935,21,0,16,4,7,9,3,12,1,1,0
EMP0212,38,Male,IT,MBA,18,23,78,60,68790,23,11,13,5,4,9,4,14,2,6,0
EMP0213,21,Male,IT,Bachelor,12,15,65,69,93580,36,11,17,7,9,4,4,13,4,2,0
EMP0214,31,Female,Sales,MBA,18,22,52,75,100148,35,13,15,3,9,2,2,7,0,8,0
EMP0215,48,Male,IT,MBA,16,19,98,67,30636,35,0,16,5,8,9,4,8,3,7,0
EMP0216,45,Male,Sales,PhD,5,22,47,84,102129,3,10,16,3,1,4,4,12,3,4,0
EMP0217,43,Male,Sales,PhD,15,15,93,71,139483,35,9,9,5,7,6,2,6,4,6,0
EMP0218,51,Female,IT,Master,23,28,67,84,27892,17,2,3,3,5,1,4,5,3,2,0
EMP0219,50,Female,Finance,PhD,11,24,97,76,46672,15,3,3,7,7,9,3,3,2,0,0
EMP0220,55,Female,Marketing,PhD,18,8,69,85,30812,17,1,11,1,9,5,1,4,1,0,0
EMP0221,27,Male,HR,PhD,4,11,48,73,121621,21,12,4,9,2,3,4,7,0,1,0
EMP0222,36,Female,Sales,PhD,16,29,78,95,25654,1,11,18,9,4,4,3,2,5,7,1
EMP0223,46,Female,Operations,Bachelor,22,9,70,82,79633,20,10,9,5,4,1,4,1,4,0,0
EMP0224,22,Male,Operations,PhD,0,15,97,65,42143,35,10,5,9,2,9,1,2,3,4,0
EMP0225,21,Female,Marketing,Bachelor,24,1,60,64,80934,38,13,15,6,3,8,2,11,1,8,0
EMP0226,32,Female,Operations,Bachelor,23,1,95,84,92334,38,10,11,5,8,4,1,6,5,8,0
EMP0227,25,Male,Finance,PhD,22,19,86,77,128463,28,0,2,3,9,2,4,7,2,1,0
EMP0228,57,Male,Operations,MBA,9,3,73,72,54087,25,3,5,8,6,9,1,0,3,6,0
EMP0229,52,Male,HR,Bachelor,14,10,94,73,36618,20,14,2,4,2,4,1,12,3,0,0
EMP0230,29,Female,HR,MBA,22,8,70,87,33446,16,6,18,3,2,9,2,6,0,2,0
EMP0231,55,Female,Sales,MBA,20,15,91,77,112182,15,9,18,6,7,3,4,8,2,5,0
EMP0232,39,Female,IT,PhD,20,10,64,87,127127,30,10,8,8,8,7,1,11,2,8,0
EMP0233,36,Male,Finance,Master,10,1,51,86,73867,8,5,16,9,8,7,1,12,4,9,0
EMP0234,23,Male,Sales,PhD,12,29,40,91,76028,30,5,14,6,6,4,2,13,5,1,0
EMP0235,40,Female,Finance,Master,4,18,94,68,85101,13,10,3,5,8,2,3,13,0,6,0
EMP0236,44,Female,IT,Master,0,2,61,99,52200,36,8,14,2,1,9,4,14,4,3,0
EMP0237,53,Male,Operations,PhD,23,19,79,91,120107,1,13,12,2,9,4,3,2,0,1,0
EMP0238,44,Male,Operations,PhD,11,13,76,79,113074,13,14,16,9,1,8,3,14,2,2,0
EMP0239,31,Male,IT,Master,10,22,86,87,131091,32,1,11,2,3,2,2,2,0,5,0
EMP0240,28,Male,Sales,PhD,16,1,40,92,86465,34,3,10,2,9,8,2,7,0,9,0
EMP0241,56,Female,IT,Master,3,2,40,63,134500,38,4,10,3,5,5,4,3,0,8,0
EMP0242,58,Male,Marketing,MBA,14,29,96,93,111436,19,0,2,3,9,7,3,13,1,7,0
EMP0243,40,Female,HR,PhD,24,16,81,62,143422,1,7,18,4,9,7,1,7,1,9,0
EMP0244,55,Female,Sales,MBA,8,15,93,85,149124,18,7,13,7,6,9,3,4,5,8,1
EMP0245,45,Female,Finance,Bachelor,20,13,81,67,112892,36,5,11,9,1,3,2,13,5,3,0
EMP0246,55,Male,Marketing,MBA,19,16,60,65,113559,17,11,6,2,7,4,1,2,2,3,0
EMP0247,45,Male,Sales,MBA,18,17,54,75,145044,15,4,19,4,6,4,1,14,0,8,0
EMP0248,49,Male,IT,Master,18,21,56,83,64148,3,7,16,9,9,5,2,3,2,7,0
EMP0249,38,Male,IT,MBA,11,29,61,98,107928,11,2,7,2,7,6,1,13,1,1,0
EMP0250,38,Female,IT,PhD,4,29,77,89,45698,28,2,8,1,4,3,3,3,0,7,0
EMP0251,22,Male,IT,Master,9,7,74,72,67470,6,1,18,8,7,4,2,7,4,0,0
EMP0252,55,Male,Finance,Bachelor,16,24,84,64,117071,13,4,7,9,2,3,4,5,1,8,0
EMP0253,36,Female,Marketing,PhD,4,26,55,84,76660,11,2,9,7,6,2,2,6,1,8,0
EMP0254,56,Male,Operations,Bachelor,21,17,47,79,78910,34,2,13,8,6,9,4,8,1,7,0
EMP0255,53,Female,HR,MBA,15,7,86,77,60450,4,14,15,4,2,1,4,14,0,4,0
EMP0256,24,Female,Finance,PhD,6,13,56,77,81463,16,5,13,4,4,2,2,5,5,4,0
EMP0257,53,Female,Finance,PhD,8,5,56,61,58757,31,7,11,2,8,8,2,2,3,2,0
EMP0258,34,Female,Operations,Bachelor,2,26,93,69,103012,9,1,16,8,8,7,4,14,4,4,0
EMP0259,41,Female,Operations,PhD,14,17,65,71,131750,16,3,8,2,8,1,4,12,4,3,0
EMP0260,40,Female,HR,PhD,15,3,52,72,95247,4,10,10,9,8,5,1,2,2,0,0
EMP0261,28,Female,HR,PhD,17,7,56,70,97015,8,6,11,4,1,6,2,10,0,8,0
EMP0262,27,Female,Operations,MBA,13,26,77,78,56390,32,0,11,1,2,5,2,2,5,9,0
EMP0263,23,Male,IT,Bachelor,2,17,56,94,81116,35,0,17,4,4,4,1,11,1,3,0
EMP0264,37,Male,Finance,PhD,11,7,87,98,38161,35,11,8,3,9,1,2,9,3,2,0
EMP0265,53,Male,Sales,Master,8,21,53,85,57152,17,12,6,6,3,7,1,1,0,5,0
EMP0266,32,Male,HR,Master,6,1,84,73,105171,8,9,4,7,6,9,1,0,0,0,0
EMP0267,42,Female,HR,Master,8,17,45,83,131379,28,6,19,8,7,6,2,10,5,4,0
EMP0268,42,Male,Operations,Master,12,17,74,60,120833,13,13,12,2,8,3,3,9,3,6,0
EMP0269,50,Female,Marketing,MBA,17,11,85,81,45836,24,6,16,6,7,4,4,0,1,1,0
EMP0270,58,Male,Sales,PhD,4,25,53,82,115367,14,0,6,6,3,5,2,3,0,9,0
EMP0271,58,Male,Sales,Bachelor,12,27,86,78,91543,5,0,13,5,6,1,3,2,4,8,0
EMP0272,28,Male,HR,PhD,3,29,47,77,80648,28,3,5,7,5,5,1,4,4,5,0
EMP0273,47,Female,IT,MBA,1,3,54,71,51331,14,4,16,3,4,1,3,11,3,1,0
EMP0274,47,Male,Marketing,Master,15,15,93,87,130992,28,4,10,4,1,9,2,8,1,7,0
EMP0275,54,Female,Sales,MBA,8,29,66,87,35763,3,3,8,9,7,7,2,11,3,7,0
EMP0276,41,Female,HR,PhD,8,21,52,92,94444,17,7,11,4,8,3,3,12,0,0,0
EMP0277,50,Male,Sales,Bachelor,5,11,88,78,118109,38,6,14,3,2,9,2,7,4,0,0
EMP0278,53,Male,Marketing,MBA,10,26,70,87,44187,15,8,9,2,7,2,4,11,2,0,0
EMP0279,48,Male,Marketing,Bachelor,21,28,92,96,36957,10,6,13,5,6,7,3,8,3,3,0
EMP0280,53,Female,Finance,MBA,23,16,95,85,29379,13,14,2,4,5,9,1,12,2,3,0
EMP0281,25,Male,Operations,Bachelor,21,25,74,94,52959,2,9,17,8,4,6,3,4,2,7,0
EMP0282,39,Female,Operations,Bachelor,0,22,99,93,107018,37,0,18,7,2,5,3,7,5,0,0
EMP0283,24,Female,HR,Master,3,28,45,94,148076,17,12,19,6,6,7,3,3,4,9,0
EMP0284,55,Male,Marketing,Bachelor,12,9,44,99,52105,19,13,12,2,5,6,3,4,3,2,0
EMP0285,37,Male,Finance,Master,22,24,61,75,25877,24,6,19,3,2,5,1,14,2,0,0
EMP0286,48,Female,Finance,PhD,12,24,97,97,73353,37,0,8,9,7,2,1,11,0,8,0
EMP0287,50,Female,Sales,PhD,12,1,88,72,108788,12,6,19,9,6,8,1,2,5,9,0
EMP0288,49,Female,Sales,Master,1,29,62,82,121870,3,9,9,5,9,7,3,4,1,8,0
EMP0289,26,Male,Finance,Master,8,25,64,81,109585,13,7,7,3,5,6,4,11,5,6,0
EMP0290,55,Female,Sales,MBA,23,22,73,75,108308,32,10,8,2,9,5,4,2,1,7,0
EMP0291,57,Male,Marketing,MBA,7,16,65,87,76567,27,8,11,8,9,5,1,4,4,0,0
EMP0292,44,Female,IT,MBA,6,9,86,94,82913,36,11,12,6,1,9,4,10,3,4,0
EMP0293,49,Female,Marketing,PhD,3,19,44,67,27637,7,2,14,7,5,1,4,13,3,1,0
EMP0294,51,Male,Finance,MBA,17,12,65,81,97778,33,14,10,1,9,9,4,4,1,0,0
EMP0295,55,Female,Finance,Bachelor,2,19,59,80,67025,4,3,8,1,7,6,4,5,0,2,0
EMP0296,53,Male,Marketing,Bachelor,5,22,45,85,131917,4,3,10,2,6,4,4,8,1,6,0
EMP0297,41,Male,Sales,MBA,11,9,45,99,126187,30,11,14,3,6,7,2,0,1,0,0
EMP0298,52,Female,Sales,Bachelor,11,7,98,80,124508,8,8,4,1,7,9,1,11,3,1,0
EMP0299,43,Male,Operations,PhD,20,14,89,84,107464,31,12,4,5,1,5,3,9,2,1,0
EMP0300,53,Male,Finance,Bachelor,7,29,57,60,53742,32,6,2,3,4,5,4,13,0,3,0
EMP0301,23,Female,HR,PhD,21,19,43,65,36831,2,2,3,1,1,8,2,5,3,2,0
EMP0302,38,Male,Operations,Master,21,19,56,82,138768,29,9,4,8,6,7,3,0,5,2,0
EMP0303,45,Male,Sales,Master,0,2,96,82,140911,11,4,16,6,4,8,2,5,1,9,0
EMP0304,51,Male,Marketing,Master,3,9,53,82,110092,28,6,7,9,1,2,4,1,2,4,0
EMP0305,23,Female,Sales,Master,20,13,53,91,115879,2,7,14,3,9,9,4,7,0,2,0
EMP0306,44,Male,Marketing,Bachelor,10,15,52,89,113370,25,0,2,9,4,3,4,10,4,6,0
EMP0307,52,Female,Operations,MBA,2,3,46,72,71762,29,11,2,9,6,6,4,2,0,4,0
EMP0308,42,Female,Finance,Bachelor,12,11,83,77,129824,8,1,3,1,7,6,3,9,0,3,0
EMP0309,43,Male,Sales,PhD,24,21,94,82,123958,25,6,16,3,8,2,3,13,1,2,0
EMP0310,22,Male,Marketing,Bachelor,16,14,54,74,113741,1,10,15,6,9,7,2,5,1,3,0
EMP0311,47,Male,Finance,Bachelor,21,25,58,92,43830,2,14,12,8,9,9,1,5,4,1,0
EMP0312,22,Female,HR,PhD,21,8,82,80,80044,3,12,16,4,8,1,4,14,4,0,0
EMP0313,46,Male,Marketing,Master,9,18,86,98,98948,24,13,7,5,3,8,2,3,4,2,0
EMP0314,37,Male,Operations,Master,20,19,83,82,94202,12,12,10,9,2,2,2,4,3,1,0
EMP0315,53,Male,HR,Master,11,16,74,86,62045,38,14,6,6,5,1,2,1,3,0,0
EMP0316,29,Male,HR,MBA,14,2,56,77,111322,34,1,3,7,1,8,4,9,1,0,0
EMP0317,59,Male,IT,PhD,20,8,74,83,142257,22,6,7,7,3,2,4,14,1,1,0
EMP0318,49,Female,Sales,PhD,9,22,58,99,96051,8,14,19,4,1,6,2,9,4,8,0
EMP0319,46,Female,Marketing,Bachelor,13,6,59,66,132509,1,8,10,4,3,6,4,7,3,4,0
EMP0320,55,Male,HR,MBA,12,12,75,79,51627,30,10,7,4,4,5,2,9,2,8,0
EMP0321,45,Male,IT,Master,4,15,74,86,40198,1,1,15,5,7,8,3,6,3,7,0
EMP0322,44,Male,Operations,MBA,5,25,71,65,94521,31,6,14,5,5,3,4,9,1,5,0
EMP0323,33,Male,Finance,PhD,23,8,97,86,136439,17,3,12,8,5,4,3,5,3,0,0
EMP0324,27,Female,Marketing,PhD,1,4,87,68,131471,12,10,13,9,1,7,1,6,1,9,0
EMP0325,56,Male,HR,Bachelor,21,15,83,90,54475,4,12,14,2,8,7,4,11,4,4,0
EMP0326,40,Female,Sales,Bachelor,16,28,79,80,130752,9,1,15,7,4,8,1,0,4,0,0
EMP0327,21,Female,IT,PhD,3,20,63,85,143998,24,12,19,1,5,2,2,13,4,6,0
EMP0328,28,Male,HR,Master,13,25,56,99,44403,33,6,13,1,2,2,4,13,2,9,0
EMP0329,36,Female,Sales,Master,9,17,46,72,28681,36,12,5,4,1,4,4,4,2,7,0
EMP0330,34,Female,HR,MBA,2,13,82,82,116555,29,4,11,7,9,9,4,6,1,7,0
EMP0331,32,Female,Marketing,PhD,24,18,89,79,143884,6,0,18,2,2,9,1,0,0,6,0
EMP0332,43,Female,Marketing,PhD,2,2,40,96,118122,5,4,5,2,6,4,1,1,5,1,0
EMP0333,35,Male,Marketing,Master,14,13,74,87,140260,2,11,13,1,1,9,2,8,2,4,0
EMP0334,48,Male,Operations,Master,5,13,71,76,67292,12,11,14,2,1,3,3,11,1,3,0
EMP0335,54,Female,Operations,PhD,16,22,75,87,128057,2,2,5,7,9,5,3,2,3,4,0
EMP0336,22,Male,IT,Bachelor,11,15,52,61,130386,25,6,11,9,4,9,1,5,4,9,0
EMP0337,52,Male,Marketing,PhD,21,20,45,84,127306,23,5,4,6,9,6,4,14,4,8,0
EMP0338,43,Male,Sales,PhD,19,29,97,65,30629,5,7,16,2,5,3,3,6,4,3,0
EMP0339,42,Male,HR,Master,23,27,53,70,118246,11,12,3,9,7,9,3,8,1,7,0
EMP0340,45,Male,Finance,Master,10,10,76,97,120864,35,4,18,7,1,6,1,4,4,7,0
EMP0341,42,Female,Sales,Bachelor,24,29,87,65,102814,1,1,7,1,6,4,2,3,2,1,0
EMP0342,42,Male,Operations,Bachelor,3,3,54,70,33417,10,8,9,9,8,4,1,10,3,5,0
EMP0343,26,Male,Operations,MBA,5,19,86,73,143888,38,13,4,2,1,8,1,11,4,4,0
EMP0344,35,Male,Sales,PhD,0,3,43,61,59765,33,10,19,4,9,7,4,14,1,1,0
EMP0345,57,Male,Operations,Master,19,22,79,99,99499,25,7,2,9,3,1,1,1,3,9,0
EMP0346,53,Female,Marketing,Bachelor,22,14,98,62,139088,17,5,17,4,1,6,4,2,4,3,0
EMP0347,28,Female,IT,MBA,15,8,55,94,81574,20,12,8,3,1,8,2,14,0,6,0
EMP0348,25,Female,HR,MBA,14,27,67,92,127828,35,9,4,1,6,3,4,4,4,0,0
EMP0349,59,Female,IT,Master,16,23,55,83,115545,39,6,5,7,6,9,2,10,5,8,0
EMP0350,24,Male,HR,Master,7,4,43,78,52675,21,8,10,6,1,2,2,14,2,9,0
EMP0351,26,Female,HR,MBA,11,27,84,77,126711,29,6,6,4,3,6,2,12,3,0,0
EMP0352,52,Male,IT,Bachelor,21,28,65,83,97267,29,2,16,6,7,1,1,1,2,4,0
EMP0353,50,Male,Sales,MBA,20,20,67,94,65563,7,5,9,6,3,2,4,12,0,6,0
EMP0354,55,Male,HR,PhD,9,11,71,60,36332,33,10,7,4,3,5,3,3,0,7,0
EMP0355,36,Male,IT,PhD,14,26,84,95,148745,8,12,19,6,3,1,1,0,5,1,0
EMP0356,33,Male,HR,Master,8,11,41,84,44177,19,10,16,8,7,8,2,3,2,3,0
EMP0357,50,Female,Finance,Bachelor,1,27,70,93,114254,39,6,8,3,4,1,3,6,3,1,0
EMP0358,39,Female,Sales,Bachelor,4,11,42,84,93447,24,1,11,4,4,9,1,14,0,3,0
EMP0359,37,Female,Marketing,PhD,5,2,93,75,82104,18,2,7,1,3,3,3,13,0,5,0
EMP0360,39,Female,HR,MBA,6,17,47,93,109335,4,3,15,4,9,2,2,11,4,5,0
EMP0361,48,Male,Finance,Master,20,9,63,88,139938,10,9,18,9,2,1,3,2,5,1,0
EMP0362,46,Female,Marketing,MBA,24,28,54,78,105730,14,5,10,8,4,9,3,9,1,3,0
EMP0363,57,Male,Marketing,MBA,0,28,82,82,29951,7,0,6,4,8,4,2,7,0,3,0
EMP0364,46,Female,HR,MBA,22,2,70,78,131402,18,8,8,7,6,1,3,5,3,0,0
EMP0365,43,Male,IT,Bachelor,6,29,48,84,53333,22,4,8,3,7,1,1,5,3,1,0
EMP0366,29,Male,HR,PhD,19,24,78,75,46673,26,12,3,9,7,7,3,13,4,2,0
EMP0367,32,Female,Finance,Bachelor,24,15,84,68,139421,39,11,17,4,2,2,4,14,3,4,0
EMP0368,21,Male,Marketing,PhD,11,16,41,60,65870,31,13,14,2,4,7,1,0,4,7,0
EMP0369,21,Male,HR,Master,15,25,47,78,146945,25,6,9,5,6,7,3,4,0,5,0
EMP0370,54,Female,IT,Master,15,4,46,92,96101,26,8,7,2,3,9,4,2,0,2,0
EMP0371,52,Male,HR,MBA,10,8,95,93,47821,18,8,7,6,9,7,4,14,0,5,0
EMP0372,45,Female,Sales,PhD,20,9,83,75,50494,28,0,10,1,4,1,4,9,0,6,0
EMP0373,21,Female,IT,PhD,3,26,90,99,124477,38,14,5,6,2,8,3,14,1,5,0
EMP0374,36,Female,Finance,PhD,12,26,78,77,99160,32,0,12,4,6,8,2,0,5,9,0
EMP0375,59,Male,Marketing,MBA,6,5,81,93,137698,18,2,6,3,1,4,4,7,5,5,0
EMP0376,25,Male,HR,MBA,3,16,96,84,136560,36,5,18,2,6,8,2,6,1,0,0
EMP0377,42,Male,IT,Master,14,13,55,65,25835,18,1,8,7,1,4,1,6,0,2,0
EMP0378,49,Female,Sales,Bachelor,18,7,74,80,43646,32,9,16,9,8,8,2,11,3,6,0
EMP0379,23,Male,IT,PhD,8,26,69,65,148777,15,11,16,3,5,5,2,9,4,3,0
EMP0380,32,Female,Operations,PhD,10,20,49,91,102360,22,10,15,6,6,4,2,13,5,3,0
EMP0381,46,Female,Sales,Bachelor,7,17,77,98,62335,6,0,14,9,2,6,2,9,2,6,0
EMP0382,36,Male,Finance,PhD,0,3,57,90,94351,25,0,12,2,2,2,2,9,4,8,0
EMP0383,57,Female,Marketing,MBA,22,5,89,69,139934,31,12,14,7,9,2,1,3,2,1,0
EMP0384,42,Male,Finance,MBA,24,19,44,89,27429,11,4,10,5,3,2,1,12,2,8,0
EMP0385,49,Male,HR,PhD,23,12,92,77,66950,7,3,11,5,6,9,2,14,0,2,0
EMP0386,34,Male,IT,MBA,7,29,68,83,85654,4,0,5,7,5,3,2,10,2,5,0
EMP0387,48,Male,Operations,MBA,12,27,78,68,132422,27,3,18,9,4,4,4,5,0,3,0
EMP0388,25,Male,Sales,PhD,21,7,99,90,134934,4,2,15,4,2,8,1,12,1,0,0
EMP0389,50,Female,Sales,Master,3,28,73,74,144975,25,1,19,9,8,4,3,8,3,8,0
EMP0390,25,Female,IT,Bachelor,7,9,82,63,93143,4,8,12,9,7,7,1,14,2,5,0
EMP0391,32,Female,Operations,MBA,2,28,84,99,116186,21,13,17,4,2,5,3,13,3,7,0
EMP0392,36,Male,IT,Master,8,6,62,68,129234,14,14,2,3,6,9,4,2,0,1,0
EMP0393,46,Male,HR,MBA,1,29,44,68,122889,12,10,8,2,8,4,2,14,2,6,0
EMP0394,46,Male,Finance,MBA,1,26,69,85,127326,27,0,11,9,7,3,4,8,4,5,0
EMP0395,41,Female,Sales,Bachelor,12,17,45,63,102527,32,6,10,2,1,2,2,3,1,1,0
EMP0396,59,Male,HR,MBA,14,16,95,76,111704,22,13,4,6,5,1,1,4,5,1,0
EMP0397,56,Female,Finance,Bachelor,22,23,97,75,56099,32,12,15,5,2,6,2,6,1,3,0
EMP0398,53,Female,HR,Bachelor,11,3,85,74,64385,17,3,16,5,6,2,3,5,2,3,0
EMP0399,50,Male,Operations,Bachelor,3,21,83,94,60919,29,4,3,4,7,8,3,9,1,2,0
EMP0400,57,Male,Sales,Master,7,26,43,64,121952,25,9,15,6,7,6,4,7,5,7,0
EMP0401,43,Female,IT,PhD,8,4,68,64,85782,15,4,17,5,3,5,1,7,4,6,0
EMP0402,30,Male,IT,Master,22,10,62,79,96116,12,0,8,4,7,2,3,7,3,1,0
EMP0403,25,Female,Finance,PhD,4,5,45,74,97590,38,5,5,9,5,7,4,2,4,2,0
EMP0404,56,Male,Marketing,PhD,23,21,71,77,114626,32,12,19,6,8,2,1,14,1,9,0
EMP0405,54,Male,Operations,Bachelor,19,22,81,61,65387,25,8,6,3,8,5,1,13,5,8,0
EMP0406,51,Female,Finance,MBA,17,10,57,88,40823,0,1,7,6,7,2,4,9,3,4,0
EMP0407,30,Male,Marketing,Bachelor,10,12,54,72,71015,37,6,8,1,6,2,3,5,5,1,0
EMP0408,39,Female,HR,MBA,14,10,79,63,127877,1,5,16,5,2,7,3,6,4,2,0
EMP0409,52,Male,Operations,PhD,21,29,97,69,40339,5,4,2,6,6,9,4,8,0,7,0
EMP0410,21,Female,HR,Bachelor,8,13,71,90,28491,37,3,5,8,9,5,3,9,0,3,0
EMP0411,25,Female,Sales,MBA,16,11,48,67,25706,23,3,2,9,2,7,4,9,3,1,0
EMP0412,24,Male,Operations,Master,11,22,76,62,122493,17,5,12,3,1,4,3,13,3,1,0
EMP0413,36,Female,Marketing,MBA,6,16,49,68,40728,26,3,19,2,5,2,3,11,3,5,0
EMP0414,44,Male,Sales,Bachelor,9,8,59,89,31997,7,4,15,4,6,3,4,14,0,7,0
EMP0415,36,Male,IT,Master,24,8,45,70,128537,27,12,12,8,3,2,4,3,4,6,0
EMP0416,22,Male,Marketing,MBA,24,27,87,94,85408,9,5,11,8,8,5,3,4,3,3,1
EMP0417,48,Female,Finance,MBA,9,25,95,96,83097,16,4,18,3,7,6,4,7,0,1,0
EMP0418,52,Female,IT,MBA,12,8,98,72,63523,28,6,5,4,2,7,3,0,3,8,0
EMP0419,47,Male,IT,MBA,18,13,42,95,146648,5,8,16,3,7,3,2,11,3,3,0
EMP0420,40,Male,Finance,MBA,10,27,81,72,50163,13,9,17,2,1,4,1,5,5,8,0
EMP0421,44,Female,Operations,Master,12,2,50,71,42718,21,6,14,4,9,8,1,14,3,4,0
EMP0422,32,Male,IT,PhD,20,12,82,96,112508,5,6,10,6,7,4,3,3,0,6,0
EMP0423,55,Male,Marketing,Master,7,10,56,69,108767,25,3,12,5,6,7,1,4,4,4,0
EMP0424,53,Female,Sales,Master,7,12,71,68,64619,38,0,12,3,2,6,3,10,0,1,0
EMP0425,53,Male,IT,Master,3,11,43,66,37126,11,13,7,2,3,7,4,4,0,5,0
EMP0426,57,Female,Marketing,PhD,14,15,43,61,114131,34,7,2,9,1,1,2,1,3,6,0
EMP0427,32,Male,HR,Bachelor,10,16,56,82,89926,13,3,7,1,5,3,1,7,5,5,0
EMP0428,23,Female,Marketing,PhD,10,17,80,98,65633,21,0,14,9,9,6,1,14,2,2,0
EMP0429,21,Male,Sales,Master,0,26,58,99,102654,22,4,6,1,6,3,4,1,2,9,0
EMP0430,53,Male,Marketing,MBA,16,2,44,98,28317,6,13,16,7,5,7,2,3,2,7,0
EMP0431,30,Female,Finance,MBA,14,18,71,80,69980,39,13,19,6,3,9,2,11,0,2,0
EMP0432,49,Male,Sales,Master,19,12,61,82,69115,24,7,15,7,5,3,2,12,3,4,0
EMP0433,33,Female,Operations,MBA,5,19,95,88,86646,12,3,16,3,8,1,4,4,2,8,0
EMP0434,32,Male,HR,Master,23,26,45,73,68158,20,12,6,3,2,6,1,13,1,4,0
EMP0435,51,Female,Finance,MBA,21,23,74,85,80963,9,11,5,1,5,1,1,0,1,6,0
EMP0436,22,Female,Operations,PhD,24,18,61,64,72631,8,7,3,4,6,1,2,5,1,6,0
EMP0437,55,Female,Marketing,Bachelor,14,17,40,90,74316,14,7,8,2,8,8,4,1,4,4,0
EMP0438,43,Female,Sales,Bachelor,8,6,59,84,130364,1,2,11,8,8,9,4,13,3,1,0
EMP0439,37,Male,HR,PhD,13,25,61,90,84342,24,8,17,3,5,2,4,4,0,4,0
EMP0440,46,Male,Finance,PhD,17,15,87,79,40504,12,2,11,7,9,9,2,14,0,6,0
EMP0441,28,Female,Operations,Master,16,3,94,76,93593,33,0,19,7,4,5,4,5,3,6,0
EMP0442,49,Female,Operations,Master,17,6,50,61,51660,33,1,18,9,9,8,2,10,5,3,0
EMP0443,46,Female,HR,Master,4,3,52,84,62196,34,14,14,6,7,7,2,7,5,0,0
EMP0444,30,Male,Marketing,MBA,19,29,98,72,90938,37,5,2,1,6,7,2,8,4,5,0
EMP0445,46,Male,HR,Master,19,1,81,98,33605,2,11,2,8,4,4,3,12,3,2,0
EMP0446,54,Male,Operations,PhD,8,13,42,87,82388,5,9,16,1,2,2,2,14,5,4,0
EMP0447,27,Male,IT,Bachelor,10,28,48,65,106297,18,1,2,3,8,5,4,11,4,3,0
EMP0448,24,Female,Finance,MBA,23,21,99,62,80501,2,5,7,5,6,3,3,5,2,1,0
EMP0449,31,Female,HR,Master,21,26,51,94,78309,17,13,14,8,3,9,1,4,2,6,0
EMP0450,49,Female,Operations,MBA,0,14,62,77,52043,38,0,2,9,7,6,1,11,4,4,0
EMP0451,56,Male,Marketing,MBA,17,13,53,70,58635,8,10,6,7,7,1,4,3,3,6,0
EMP0452,45,Male,Operations,Master,5,27,72,79,104315,11,12,10,9,6,3,4,1,2,8,0
EMP0453,41,Male,Marketing,MBA,1,4,57,64,105691,4,0,18,3,2,4,4,1,3,3,0
EMP0454,56,Female,HR,Bachelor,14,7,88,78,131514,2,4,17,5,8,9,4,6,5,4,0
EMP0455,30,Female,Marketing,PhD,20,22,98,81,58132,10,9,9,8,1,6,3,4,2,8,1
EMP0456,57,Male,Sales,PhD,13,10,80,78,114387,29,12,18,1,1,4,4,6,5,9,0
EMP0457,29,Female,Sales,Bachelor,4,7,48,75,40366,3,10,16,8,6,1,2,12,3,3,0
EMP0458,44,Male,Sales,MBA,5,21,62,83,118944,4,8,2,7,5,8,1,10,3,4,0
EMP0459,55,Male,IT,Master,5,15,49,63,97107,0,13,13,1,9,2,4,0,1,4,0
EMP0460,55,Female,HR,MBA,21,15,58,74,87580,26,7,6,6,7,8,2,0,4,7,0
EMP0461,56,Male,Operations,Bachelor,17,4,86,84,140267,27,2,7,1,2,6,4,4,0,3,0
EMP0462,38,Female,Operations,MBA,13,23,44,94,147362,28,14,2,2,7,8,2,1,4,3,0
EMP0463,59,Male,IT,PhD,9,23,86,73,82889,17,2,2,5,3,6,3,7,3,6,0
EMP0464,52,Female,Marketing,MBA,13,6,91,78,104553,11,14,11,2,1,5,1,13,3,4,0
EMP0465,44,Female,IT,Bachelor,12,24,62,97,64236,12,0,11,1,8,5,1,14,4,5,0
EMP0466,43,Female,Marketing,PhD,2,20,69,95,29150,1,13,4,6,3,8,3,2,3,5,0
EMP0467,52,Male,Marketing,MBA,5,26,64,66,136369,36,2,18,8,8,7,2,0,5,5,0
EMP0468,57,Male,Finance,MBA,7,5,67,89,44423,15,14,12,8,7,8,4,12,2,9,0
EMP0469,32,Female,Operations,PhD,11,20,73,78,29137,23,13,19,8,2,8,2,1,3,4,0
EMP0470,33,Female,Sales,Master,12,12,84,84,54992,34,11,3,6,1,7,1,9,4,4,0
EMP0471,43,Male,Marketing,PhD,10,1,95,75,135540,21,11,10,3,7,2,3,9,4,8,0
EMP0472,45,Male,Finance,Master,11,28,87,99,119438,35,11,18,1,1,9,3,6,4,7,0
EMP0473,55,Male,Operations,Bachelor,0,8,86,67,140140,10,12,15,2,6,7,2,5,1,3,0
EMP0474,50,Female,Sales,Bachelor,16,1,64,77,69921,28,10,5,5,8,6,2,11,5,6,0
EMP0475,37,Male,Marketing,PhD,15,5,49,87,146225,34,0,18,5,7,9,3,7,5,7,0
EMP0476,40,Male,Marketing,PhD,10,22,53,75,104369,14,7,18,1,4,1,1,6,1,8,0
EMP0477,45,Female,IT,Bachelor,12,6,81,78,91917,30,0,13,1,1,2,4,13,5,4,0
EMP0478,42,Male,IT,Master,17,29,96,76,98690,15,4,19,9,1,1,4,9,1,2,0
EMP0479,33,Male,Operations,Bachelor,10,21,85,72,59235,9,8,4,2,4,3,2,12,5,3,0
EMP0480,39,Male,Sales,PhD,11,3,97,66,103975,31,6,12,7,5,5,3,7,1,9,0
EMP0481,56,Female,Marketing,Bachelor,5,15,69,86,44122,1,3,19,4,7,1,3,2,1,5,0
EMP0482,32,Female,Operations,PhD,8,5,94,69,48956,23,10,5,7,4,4,3,5,5,9,0
EMP0483,39,Female,Operations,PhD,15,28,80,93,88879,22,8,18,8,1,8,1,12,1,4,0
EMP0484,32,Female,HR,Bachelor,3,24,64,95,83560,1,8,19,5,7,6,2,6,5,8,0
EMP0485,29,Female,IT,Master,2,14,53,84,146435,37,1,6,1,2,1,2,14,1,2,0
EMP0486,27,Female,Sales,MBA,15,18,74,65,107800,30,9,15,4,2,1,2,9,4,1,0
EMP0487,48,Female,Marketing,Bachelor,23,16,91,83,135310,39,9,11,3,8,3,1,10,0,5,0
EMP0488,34,Male,Operations,MBA,24,6,87,77,93685,25,10,16,5,5,8,2,0,5,6,0
EMP0489,51,Male,Marketing,Bachelor,11,25,73,82,49660,28,11,2,6,2,8,4,0,1,4,0
EMP0490,39,Female,HR,MBA,10,24,49,65,131196,2,5,17,2,5,3,2,6,4,0,0
EMP0491,36,Male,Sales,Master,4,14,74,88,111064,13,3,12,7,8,7,2,12,0,2,0
EMP0492,25,Male,Operations,Master,24,27,50,84,139440,24,7,7,3,6,3,2,10,1,2,0
EMP0493,55,Female,Marketing,Bachelor,17,24,50,76,26168,0,11,17,1,3,4,1,12,0,3,0
EMP0494,32,Male,IT,PhD,18,8,60,83,70124,2,10,3,3,8,9,4,2,5,9,0
EMP0495,45,Male,HR,MBA,22,29,60,70,60897,25,6,2,9,9,4,4,2,0,5,0
EMP0496,41,Male,Sales,PhD,22,7,61,85,40032,17,6,10,6,5,3,3,14,2,4,0
EMP0497,56,Male,HR,PhD,5,8,84,93,77797,8,10,13,6,2,5,3,4,3,0,0
EMP0498,43,Male,IT,PhD,21,13,46,87,60294,37,9,18,4,2,7,4,14,2,5,0
EMP0499,36,Female,Sales,Master,17,6,94,62,68827,22,8,16,8,7,5,2,10,5,8,0
EMP0500,59,Female,HR,Bachelor,5,18,56,70,28516,20,12,11,5,1,4,2,5,5,0,0
EMP0501,59,Female,Finance,Bachelor,3,2,41,97,44751,0,4,13,7,2,8,2,1,0,7,0
EMP0502,34,Male,IT,Master,11,8,51,73,55373,20,5,15,9,4,4,1,2,4,7,0
EMP0503,51,Female,IT,Master,18,11,96,85,147026,26,0,10,5,1,2,2,5,1,2,0
EMP0504,25,Male,IT,Bachelor,1,1,81,80,55270,5,5,14,5,4,6,1,2,3,8,0
EMP0505,55,Male,Finance,PhD,16,22,57,98,35386,35,1,4,4,5,2,4,13,1,7,0
EMP0506,43,Male,Finance,MBA,10,29,93,89,126859,27,5,15,6,9,3,2,4,4,2,0
EMP0507,49,Male,Marketing,MBA,10,6,98,67,89817,16,8,11,2,1,1,2,8,5,9,0
EMP0508,31,Female,Operations,MBA,20,16,50,79,90184,39,7,17,3,5,5,3,11,3,4,0
EMP0509,38,Female,HR,PhD,15,27,55,91,139316,2,8,8,1,2,9,4,2,2,2,0
EMP0510,32,Male,Marketing,Bachelor,1,20,88,81,104693,11,12,5,2,9,2,2,11,5,4,0
EMP0511,29,Female,HR,Master,1,12,90,66,62879,38,14,12,2,6,7,1,10,5,8,0
EMP0512,30,Male,Operations,Bachelor,22,11,57,68,130056,11,9,17,8,2,5,4,12,0,3,0
EMP0513,37,Female,Finance,PhD,7,29,74,60,74597,1,7,5,8,3,2,3,12,4,5,0
EMP0514,58,Female,Operations,Master,12,27,92,88,64132,21,2,18,2,8,8,4,5,0,2,0
EMP0515,27,Male,Finance,PhD,9,29,98,67,28626,22,7,14,6,1,6,1,10,0,2,0
EMP0516,33,Female,Operations,MBA,7,10,65,63,110936,29,5,12,5,3,4,3,4,1,4,0
EMP0517,29,Male,Marketing,MBA,3,3,55,94,127179,4,12,4,3,1,4,1,4,5,7,0
EMP0518,47,Female,Sales,PhD,14,13,45,62,128801,8,5,10,5,8,2,4,10,4,7,0
EMP0519,22,Male,Marketing,Master,0,27,96,99,106515,20,5,7,5,1,3,3,13,0,2,0
EMP0520,25,Male,HR,Master,10,3,83,66,102065,10,2,12,5,5,7,1,13,2,7,0
EMP0521,49,Female,Marketing,Bachelor,6,15,82,86,80390,4,9,17,3,4,3,4,5,3,7,0
EMP0522,57,Female,IT,MBA,16,16,86,60,41645,34,0,6,3,7,5,1,5,4,2,0
EMP0523,58,Male,HR,Bachelor,19,29,86,86,116960,26,11,15,4,5,6,2,0,1,9,0
EMP0524,39,Female,Operations,Bachelor,23,13,87,75,79144,1,13,18,7,8,6,4,10,4,9,0
EMP0525,28,Female,HR,PhD,17,17,81,97,38382,23,3,4,2,1,4,3,14,5,1,0
EMP0526,21,Male,Sales,PhD,21,3,51,66,29025,30,9,5,4,5,6,3,8,1,9,0
EMP0527,42,Male,Finance,Bachelor,21,20,99,82,68226,32,11,17,4,4,3,2,4,3,1,0
EMP0528,37,Female,Operations,MBA,11,11,52,70,104380,38,5,17,1,3,7,1,0,2,8,0
EMP0529,27,Male,HR,PhD,8,27,43,92,147971,29,10,5,8,5,7,1,7,0,6,0
EMP0530,45,Male,Operations,Bachelor,4,21,78,95,143910,36,11,18,1,3,4,3,6,4,5,0
EMP0531,24,Male,Operations,Bachelor,9,19,93,96,94711,27,9,14,8,8,2,1,6,1,6,0
EMP0532,56,Female,Operations,Bachelor,3,22,41,76,121055,30,1,2,7,3,7,4,14,3,7,0
EMP0533,26,Female,Finance,Bachelor,4,11,65,94,99710,10,6,13,9,1,3,4,13,0,0,0
EMP0534,51,Male,Marketing,Bachelor,9,28,98,64,28443,22,6,5,8,9,1,3,4,3,7,0
EMP0535,39,Female,Operations,Bachelor,10,16,66,91,46395,1,10,12,5,9,2,4,0,2,2,0
EMP0536,59,Male,IT,PhD,20,21,66,62,35725,39,3,6,8,6,9,3,8,0,2,0
EMP0537,47,Female,Sales,MBA,23,3,54,94,58461,26,3,3,3,1,8,1,10,0,5,0
EMP0538,30,Male,Finance,Bachelor,9,22,47,73,66115,34,14,18,7,8,6,1,8,0,3,0
EMP0539,46,Male,HR,Master,7,6,46,90,135084,1,0,9,4,2,6,1,7,1,3,0
EMP0540,39,Female,Finance,PhD,1,14,86,90,121887,38,12,7,5,9,1,2,4,0,3,0
EMP0541,59,Male,HR,PhD,22,24,94,76,108732,36,1,10,9,8,2,3,13,3,9,0
EMP0542,23,Female,Finance,Bachelor,7,18,85,83,137145,20,8,14,7,3,4,4,2,1,8,1
EMP0543,33,Female,HR,PhD,15,17,79,82,104790,4,9,12,4,5,3,1,7,0,7,0
EMP0544,48,Male,Operations,Bachelor,21,4,99,77,104557,20,7,17,6,9,1,2,0,3,2,0
EMP0545,40,Male,Marketing,MBA,4,23,51,73,136672,28,7,17,7,1,8,4,2,3,0,0
EMP0546,48,Female,HR,MBA,24,15,52,74,96260,19,8,3,9,9,7,4,11,4,0,0
EMP0547,28,Male,HR,PhD,2,11,82,74,53690,37,14,11,4,4,4,4,10,3,0,0
EMP0548,59,Male,IT,PhD,11,26,56,65,26407,19,6,13,3,4,9,1,6,5,3,0
EMP0549,21,Male,HR,Master,12,3,56,86,98568,24,12,9,8,4,4,4,13,2,5,0
EMP0550,23,Male,IT,PhD,12,3,95,74,83560,1,8,12,1,9,1,3,14,0,3,0
EMP0551,33,Male,Sales,Master,9,16,75,95,72340,31,9,11,9,6,1,2,3,0,2,0
EMP0552,48,Female,Operations,MBA,3,5,60,67,42794,25,11,14,1,8,1,4,6,0,7,0
EMP0553,45,Female,IT,MBA,8,21,47,74,44881,5,1,18,2,4,1,4,11,3,7,0
EMP0554,53,Male,Marketing,Bachelor,21,29,44,62,111292,2,5,8,8,3,4,3,10,3,5,0
EMP0555,58,Male,Operations,MBA,23,10,65,72,130698,32,14,4,9,1,1,4,12,0,8,0
EMP0556,26,Male,IT,Master,22,19,55,93,119952,0,2,14,7,7,2,1,13,5,9,0
EMP0557,52,Female,Operations,PhD,1,25,75,83,74703,4,10,8,3,4,4,1,4,1,0,0
EMP0558,41,Male,Operations,Bachelor,18,4,67,99,69354,12,14,10,7,8,7,1,5,1,7,0
EMP0559,36,Female,Operations,Master,0,29,93,91,116288,18,5,14,6,3,2,4,13,2,5,0
EMP0560,41,Female,Sales,PhD,24,29,68,91,103462,11,2,9,2,1,8,2,6,4,0,0
EMP0561,31,Female,Marketing,Bachelor,6,19,86,89,144020,24,7,19,3,5,7,2,14,2,3,0
EMP0562,57,Male,Finance,MBA,16,11,51,72,124301,34,14,3,5,2,9,4,12,0,4,0
EMP0563,56,Female,Finance,Master,2,2,76,60,143764,11,10,19,4,3,6,2,9,0,6,0
EMP0564,55,Male,IT,PhD,19,10,69,93,39390,29,14,19,2,6,4,2,11,0,7,0
EMP0565,39,Female,Operations,Bachelor,19,29,62,74,129403,4,12,12,4,3,6,4,6,4,8,0
EMP0566,40,Male,IT,Bachelor,20,11,55,73,112475,33,3,2,8,3,4,1,6,3,5,0
EMP0567,38,Female,Sales,MBA,2,25,53,88,52307,21,11,15,5,6,7,4,6,4,9,0
EMP0568,34,Male,Sales,PhD,2,20,49,93,121364,38,9,17,5,5,9,1,10,2,8,0
EMP0569,35,Female,HR,MBA,16,16,46,77,119049,12,5,12,3,9,3,1,12,3,3,0
EMP0570,51,Male,Sales,MBA,6,19,84,66,143740,2,14,2,8,1,3,2,12,3,7,0
EMP0571,21,Male,HR,PhD,13,23,91,88,144991,19,8,8,6,3,2,2,6,2,2,0
EMP0572,23,Male,Marketing,PhD,16,24,99,90,49502,30,1,17,2,3,1,1,2,3,3,0
EMP0573,36,Male,IT,PhD,17,11,76,84,120599,4,1,15,2,6,1,1,14,1,9,0
EMP0574,43,Female,Marketing,Master,12,14,68,97,47486,23,6,16,9,8,3,2,11,2,3,0
EMP0575,31,Female,Sales,PhD,19,2,42,73,136813,39,14,15,7,3,7,3,2,2,5,0
EMP0576,32,Male,Marketing,Bachelor,19,23,54,67,63258,32,1,12,9,3,9,1,6,1,8,0
EMP0577,30,Female,Marketing,MBA,20,28,75,86,82716,7,1,17,6,6,2,1,13,4,5,0
EMP0578,52,Male,Marketing,Master,17,5,86,61,122228,23,3,18,5,8,7,1,1,4,0,0
EMP0579,36,Male,Sales,PhD,3,27,85,76,128920,19,8,7,1,6,1,2,13,4,4,0
EMP0580,28,Female,Operations,Master,0,5,91,96,106494,15,7,12,6,3,2,4,1,3,8,0
EMP0581,58,Male,Marketing,PhD,17,19,58,73,125552,11,1,18,6,4,6,1,2,1,4,0
EMP0582,32,Male,HR,Master,0,21,52,84,107768,12,7,10,3,1,5,1,13,2,5,0
EMP0583,44,Female,Sales,MBA,12,12,81,89,35748,38,3,19,3,8,8,1,3,2,2,0
EMP0584,48,Male,Marketing,MBA,19,18,60,88,87785,24,1,18,3,4,2,4,5,2,7,0
EMP0585,28,Male,Operations,Bachelor,19,4,76,79,101050,31,10,13,3,6,1,4,12,3,9,0
EMP0586,48,Male,Sales,Bachelor,22,22,66,80,47738,23,9,6,7,3,7,1,7,3,3,0
EMP0587,56,Male,Finance,PhD,9,17,94,81,99231,8,6,12,2,6,6,1,9,5,3,0
EMP0588,46,Female,Operations,MBA,10,10,91,94,98606,39,5,5,2,9,8,3,9,4,4,0
EMP0589,28,Female,HR,Master,8,20,68,96,118301,22,13,5,3,9,8,4,6,5,9,0
EMP0590,48,Female,Marketing,Master,8,6,59,75,66662,12,9,4,7,3,2,3,3,5,8,0
EMP0591,48,Male,Finance,Master,4,25,64,76,143313,31,4,18,3,3,8,1,1,3,7,0
EMP0592,57,Male,Finance,Bachelor,0,14,45,75,121297,14,10,8,7,4,6,1,1,4,6,0
EMP0593,56,Female,Sales,Master,16,11,75,61,107234,35,0,5,9,7,9,1,14,4,4,0
EMP0594,47,Male,Finance,Bachelor,21,11,41,63,40123,4,1,14,4,3,7,1,3,2,8,0
EMP0595,37,Male,HR,Bachelor,1,29,61,80,125680,21,7,13,7,8,2,2,5,3,8,0
EMP0596,29,Male,HR,PhD,23,18,71,98,50616,15,0,2,9,8,8,2,2,4,9,0
EMP0597,53,Male,IT,Master,12,27,55,93,127682,9,2,19,8,6,9,2,5,5,9,0
EMP0598,40,Female,HR,Master,8,23,57,89,36182,23,1,12,8,4,7,3,4,1,1,0
EMP0599,33,Female,Operations,MBA,3,22,44,65,115369,17,4,4,9,5,4,4,4,1,3,0
EMP0600,48,Female,Finance,PhD,4,18,93,76,123878,17,3,18,5,2,9,1,1,3,7,0
EMP0601,49,Male,HR,MBA,10,24,75,98,87013,6,12,13,5,6,4,4,7,2,0,0
EMP0602,33,Female,Sales,PhD,23,23,69,84,56331,3,6,11,3,3,4,2,4,2,4,0
EMP0603,55,Female,IT,Master,18,11,84,64,71098,25,4,9,5,6,9,1,10,4,7,0
EMP0604,26,Male,Finance,Bachelor,20,21,58,64,51128,4,7,16,8,5,8,1,1,3,1,0
EMP0605,38,Male,IT,Bachelor,2,12,62,79,56556,15,3,6,5,2,4,3,6,1,1,0
EMP0606,25,Female,Finance,Bachelor,11,5,73,75,112505,34,14,5,4,5,8,4,12,5,7,0
EMP0607,45,Female,Sales,Bachelor,18,23,52,96,46876,25,11,5,8,5,8,3,14,4,9,0
EMP0608,22,Female,IT,Bachelor,18,9,82,99,33949,17,5,16,7,9,7,2,8,5,8,0
EMP0609,30,Female,Marketing,MBA,12,27,93,68,76962,28,3,18,6,8,6,4,8,4,6,0
EMP0610,50,Male,Operations,PhD,6,25,68,64,115054,22,1,13,5,7,8,2,0,0,7,0
EMP0611,25,Female,Operations,Master,14,9,75,61,148984,13,0,4,5,3,7,3,6,5,4,0
EMP0612,53,Female,Finance,MBA,22,22,61,68,96206,14,13,11,2,4,5,3,8,3,0,0
EMP0613,21,Male,Marketing,PhD,6,10,91,95,49099,32,13,16,4,6,4,1,5,5,3,0
EMP0614,38,Female,IT,Bachelor,7,22,91,81,129871,24,0,11,8,3,2,4,0,5,1,1
EMP0615,52,Male,Marketing,PhD,4,19,86,81,37716,20,7,19,8,9,8,4,1,4,2,0
EMP0616,31,Male,Marketing,PhD,20,1,75,81,77611,16,13,2,1,8,9,1,3,1,2,0
EMP0617,41,Male,IT,Bachelor,13,7,48,93,63885,22,3,4,2,6,4,4,13,0,8,0
EMP0618,46,Female,Sales,Bachelor,3,4,78,88,78144,16,4,13,5,4,4,2,3,5,9,0
EMP0619,45,Female,Marketing,Bachelor,22,1,90,97,90220,13,10,2,9,7,5,2,1,1,3,0
EMP0620,42,Male,Marketing,Master,9,15,58,92,32837,28,7,4,7,3,2,3,7,2,1,0
EMP0621,47,Female,Sales,Bachelor,19,8,77,77,74355,19,11,4,5,8,7,2,1,0,2,0
EMP0622,33,Female,Marketing,Master,14,12,45,66,72299,29,14,6,1,1,5,4,2,0,2,0
EMP0623,53,Male,Marketing,Bachelor,17,22,91,60,44159,18,6,2,6,3,6,1,13,4,6,0
EMP0624,54,Male,Marketing,Master,19,22,86,92,141680,38,12,5,8,5,4,3,3,5,7,1
EMP0625,55,Female,Operations,PhD,12,18,54,60,141931,12,7,5,7,5,8,1,8,2,5,0
EMP0626,21,Male,HR,MBA,7,15,96,83,131802,17,12,18,2,2,8,3,9,4,3,0
EMP0627,41,Female,Sales,PhD,8,17,59,63,141375,22,7,15,5,8,5,3,0,3,5,0
EMP0628,26,Female,Marketing,PhD,15,29,48,63,127413,32,5,19,4,5,6,1,7,1,0,0
EMP0629,48,Female,Operations,Bachelor,18,14,71,77,76012,38,9,2,9,7,3,2,11,1,9,0
EMP0630,37,Female,Sales,Master,15,14,43,86,84305,39,1,17,1,7,1,2,14,4,7,0
EMP0631,25,Male,Finance,MBA,6,18,89,91,112096,17,5,4,6,5,9,2,13,1,0,0
EMP0632,51,Male,Finance,Bachelor,13,20,57,92,42106,8,13,10,3,8,9,2,4,5,4,0
EMP0633,25,Male,Marketing,Bachelor,13,18,44,87,83123,32,0,5,9,9,3,1,6,1,1,0
EMP0634,58,Male,Operations,Bachelor,24,16,59,95,136825,31,0,6,5,4,4,4,7,5,5,0
EMP0635,23,Female,Operations,PhD,3,1,62,65,33720,16,10,12,6,4,7,3,14,3,8,0
EMP0636,43,Female,Sales,Master,14,23,50,75,62661,18,2,10,9,8,2,1,4,2,4,0
EMP0637,57,Male,Sales,Master,2,27,76,93,140031,26,2,4,9,1,3,2,7,0,3,0
EMP0638,57,Female,Operations,MBA,4,11,61,82,118898,5,10,7,8,4,6,2,9,4,1,0
EMP0639,30,Female,Sales,Master,0,15,97,83,118794,34,12,12,9,6,8,1,10,4,2,0
EMP0640,30,Female,Operations,Master,2,12,43,72,112318,36,4,10,4,4,1,3,7,5,5,0
EMP0641,39,Male,HR,Bachelor,14,8,68,77,131704,33,0,16,6,6,4,1,8,3,7,0
EMP0642,37,Male,Operations,Bachelor,23,22,83,72,46120,19,9,4,5,5,1,1,1,3,7,0
EMP0643,41,Male,Finance,PhD,7,20,73,96,44790,24,5,2,5,9,2,4,2,0,4,0
EMP0644,34,Female,Sales,Bachelor,3,6,52,98,83655,3,6,15,4,9,8,1,0,2,4,0
EMP0645,29,Male,Operations,Bachelor,1,3,81,76,84643,9,9,18,2,4,6,4,3,4,9,0
EMP0646,21,Male,Operations,Bachelor,23,28,48,74,118448,9,11,15,6,4,9,3,14,5,2,0
EMP0647,33,Male,Sales,Bachelor,23,24,81,77,72374,23,12,18,9,8,2,1,14,3,6,0
EMP0648,24,Male,HR,PhD,9,26,70,82,67907,20,10,15,1,4,3,1,4,4,5,0
EMP0649,21,Male,HR,Bachelor,3,13,46,89,75071,10,2,13,7,2,9,2,10,5,0,0
EMP0650,52,Male,Sales,MBA,2,13,43,93,145507,26,3,17,6,2,9,1,0,1,3,0
EMP0651,54,Female,IT,MBA,1,2,58,63,59812,15,9,2,3,1,6,2,7,4,5,0
EMP0652,48,Female,Sales,MBA,24,5,81,62,74570,25,10,14,1,5,3,2,1,2,5,0
EMP0653,51,Male,Sales,MBA,16,17,69,66,75901,29,9,7,4,6,5,2,0,5,2,0
EMP0654,28,Male,HR,Bachelor,22,6,70,77,85186,15,13,18,9,9,2,3,1,2,5,0
EMP0655,59,Female,HR,MBA,20,2,74,66,147066,6,11,13,2,5,7,4,14,4,9,0
EMP0656,46,Female,Sales,Bachelor,23,4,96,99,75251,15,14,7,3,6,8,2,12,1,5,0
EMP0657,54,Male,Sales,PhD,19,22,60,65,90171,34,9,8,2,6,6,1,4,2,8,0
EMP0658,23,Male,Sales,MBA,22,26,70,81,61160,15,13,2,2,3,8,1,8,3,8,0
EMP0659,32,Male,HR,Master,12,11,58,60,44156,39,9,2,8,4,2,2,8,5,1,0
EMP0660,21,Male,Sales,MBA,4,8,70,63,101208,11,9,6,3,1,3,2,1,4,3,0
EMP0661,25,Female,Sales,MBA,20,12,92,88,104980,34,2,7,7,4,7,1,1,1,8,0
EMP0662,50,Male,Marketing,Bachelor,8,8,71,80,97320,20,0,17,8,1,1,2,2,3,3,0
EMP0663,50,Male,IT,MBA,24,11,41,85,42929,35,7,17,3,5,7,4,6,4,7,0
EMP0664,37,Male,Finance,Master,24,22,98,73,91606,16,12,15,2,8,6,4,10,1,9,0
EMP0665,43,Male,IT,Bachelor,21,20,91,68,113442,31,9,2,8,8,8,3,2,3,2,0
EMP0666,35,Female,Marketing,Bachelor,5,8,49,71,125154,5,9,14,3,5,7,2,0,2,2,0
EMP0667,57,Female,Finance,PhD,4,29,41,65,87559,23,1,11,7,2,4,3,13,4,8,0
EMP0668,41,Female,Sales,PhD,24,8,41,79,79205,26,0,11,1,6,3,3,13,4,9,0
EMP0669,34,Male,Marketing,MBA,9,26,99,83,135694,19,13,10,6,1,3,3,13,2,7,0
EMP0670,22,Male,Sales,PhD,7,17,63,86,93475,24,7,14,9,7,4,2,5,0,0,0
EMP0671,31,Female,HR,PhD,6,20,56,97,89341,1,6,4,3,4,9,3,2,3,9,0
EMP0672,59,Male,Operations,PhD,6,20,71,67,120377,8,6,19,7,5,9,4,0,2,1,0
EMP0673,58,Male,Marketing,Bachelor,5,23,55,60,67863,27,3,3,6,6,2,3,13,4,2,0
EMP0674,54,Female,HR,Bachelor,20,16,55,83,106837,37,10,18,8,1,5,4,12,3,1,0
EMP0675,58,Female,Marketing,Bachelor,19,14,85,66,90439,2,8,14,3,9,1,4,3,3,2,0
EMP0676,54,Female,Marketing,PhD,2,11,78,78,32194,19,5,14,3,4,4,2,12,0,7,0
EMP0677,38,Female,HR,Bachelor,18,7,92,81,96387,5,1,2,4,8,2,3,0,4,5,0
EMP0678,50,Male,Finance,PhD,21,16,70,94,146361,38,13,3,3,5,8,2,0,1,6,0
EMP0679,35,Male,IT,Bachelor,14,13,82,89,106914,32,0,2,9,8,4,4,11,0,9,1
EMP0680,47,Female,Sales,Bachelor,3,27,63,88,91214,0,0,6,4,1,5,1,1,0,9,0
EMP0681,54,Male,Marketing,Master,11,15,40,81,121176,36,8,4,6,8,4,3,9,1,5,0
EMP0682,58,Female,Sales,MBA,5,24,50,70,124292,5,3,8,8,4,5,2,7,1,0,0
EMP0683,53,Female,Operations,PhD,18,16,94,79,54777,33,4,14,8,2,5,1,1,0,2,0
EMP0684,44,Male,HR,Master,3,27,60,88,51183,14,2,19,5,6,5,3,10,3,0,0
EMP0685,35,Female,Sales,Bachelor,14,21,43,93,52445,25,3,8,5,2,3,3,1,2,9,0
EMP0686,50,Male,HR,PhD,8,23,46,60,92038,13,11,2,6,5,7,2,14,2,8,0
EMP0687,37,Male,Sales,Bachelor,4,24,65,90,141477,6,7,6,7,2,3,1,10,0,8,0
EMP0688,25,Male,IT,MBA,12,9,86,89,112201,30,12,18,7,3,2,2,10,3,4,0
EMP0689,49,Male,IT,Master,22,3,89,77,41198,23,3,9,4,6,3,3,9,1,3,0
EMP0690,24,Female,IT,MBA,17,19,51,76,46411,30,8,16,6,1,3,3,9,5,8,0
EMP0691,30,Male,IT,Master,4,20,70,97,75577,28,8,5,7,6,8,4,7,0,8,0
EMP0692,37,Female,IT,Bachelor,24,5,56,73,40867,31,5,3,5,3,4,3,11,4,2,0
EMP0693,30,Female,IT,MBA,15,10,72,82,87501,16,1,6,5,7,3,3,5,3,4,0
EMP0694,37,Female,HR,MBA,18,17,50,84,39266,13,11,2,2,2,5,1,11,4,2,0
EMP0695,40,Female,Marketing,Bachelor,13,15,67,74,64422,39,9,6,7,6,4,1,10,4,9,0
EMP0696,44,Male,Sales,MBA,24,23,71,81,60208,35,10,7,6,8,9,4,3,0,1,0
EMP0697,25,Male,IT,PhD,15,25,40,62,133538,23,6,3,1,1,8,4,2,3,0,0
EMP0698,54,Female,HR,Master,14,8,86,78,146544,26,8,2,4,9,7,4,0,4,9,0
EMP0699,26,Female,HR,Master,21,15,67,93,56213,24,5,5,3,5,8,2,10,3,1,0
EMP0700,22,Male,HR,Master,3,21,92,94,32367,31,2,8,3,5,5,2,2,2,7,0
EMP0701,33,Female,Marketing,PhD,6,14,81,60,149158,17,13,2,7,5,4,4,11,5,7,0
EMP0702,31,Male,Sales,Master,15,20,46,80,104026,17,14,2,4,6,7,2,13,4,2,0
EMP0703,43,Female,Marketing,Bachelor,23,28,41,88,60362,36,6,9,8,2,1,3,8,4,6,0
EMP0704,36,Male,Finance,MBA,21,7,81,65,144377,25,4,17,9,6,6,4,4,3,6,0
EMP0705,51,Female,HR,PhD,20,21,63,96,76588,8,0,14,3,4,8,4,12,5,1,0
EMP0706,31,Female,Finance,Master,21,23,43,60,63285,34,2,19,5,8,7,2,5,2,8,0
EMP0707,36,Male,Operations,Bachelor,20,12,83,60,99755,7,4,11,4,9,2,1,4,4,2,0
EMP0708,28,Female,IT,MBA,7,17,58,86,96846,19,6,13,6,9,7,4,0,0,1,0
EMP0709,24,Female,IT,MBA,16,17,65,80,61307,21,2,2,4,8,6,2,9,3,2,0
EMP0710,24,Male,Marketing,PhD,15,10,50,75,120167,18,5,11,8,3,5,2,0,3,1,0
EMP0711,45,Female,Sales,PhD,22,29,79,99,105280,29,4,10,3,4,4,1,3,4,7,0
EMP0712,23,Male,Finance,PhD,9,19,89,85,44867,27,12,4,5,1,1,4,14,2,4,0
EMP0713,52,Male,Sales,Bachelor,9,14,82,75,81523,34,0,10,1,9,2,1,2,4,2,0
EMP0714,23,Female,Marketing,Bachelor,1,11,50,87,109161,10,9,11,6,5,7,3,10,1,4,0
EMP0715,47,Female,IT,PhD,8,2,84,60,31378,30,5,17,5,6,3,1,7,4,7,0
EMP0716,49,Female,Sales,Master,16,18,42,95,109685,38,13,19,8,3,5,1,11,5,6,0
EMP0717,52,Female,Sales,MBA,10,7,51,69,132669,35,7,15,9,8,8,2,11,5,5,0
EMP0718,39,Female,IT,MBA,9,12,42,76,101958,29,12,4,8,7,8,1,6,1,0,0
EMP0719,41,Female,Finance,Bachelor,21,26,81,82,52926,22,12,3,8,1,6,3,14,5,9,1
EMP0720,25,Female,IT,MBA,24,2,66,66,128215,18,0,2,3,5,5,2,10,5,0,0
EMP0721,38,Male,Sales,Master,16,27,88,66,123707,11,1,19,4,9,2,3,14,0,0,0
EMP0722,48,Female,Finance,MBA,3,20,93,74,38180,14,13,10,4,6,9,1,6,3,9,0
EMP0723,42,Male,Finance,Bachelor,15,18,41,93,117837,30,14,14,5,8,1,3,14,5,7,0
EMP0724,41,Female,IT,Bachelor,19,6,88,63,143070,36,3,3,9,1,2,3,7,3,7,0
EMP0725,26,Female,Sales,Master,14,24,55,73,61931,36,11,8,9,7,1,1,13,2,6,0
EMP0726,21,Male,Marketing,Master,24,10,41,73,49014,14,1,17,1,3,4,1,9,4,5,0
EMP0727,25,Female,Sales,MBA,20,20,99,75,139775,28,10,16,8,9,4,2,6,0,3,0
EMP0728,32,Female,HR,MBA,4,15,93,66,121472,25,8,12,1,6,5,2,9,1,0,0
EMP0729,46,Male,Operations,Bachelor,5,5,69,91,104872,1,9,2,2,5,5,4,1,2,8,0
EMP0730,54,Female,Marketing,Master,16,20,59,78,83502,19,7,8,7,8,8,2,3,0,0,0
EMP0731,34,Female,Finance,Master,0,3,77,61,112736,14,7,9,8,8,3,1,14,0,3,0
EMP0732,46,Female,Marketing,Master,24,5,67,69,30470,3,3,11,1,3,6,3,10,1,2,0
EMP0733,47,Male,Finance,MBA,18,25,64,76,121395,21,4,6,3,2,3,3,5,1,6,0
EMP0734,29,Female,Finance,Master,3,8,71,96,39953,37,3,10,7,2,2,2,2,3,4,0
EMP0735,46,Female,Marketing,Bachelor,16,8,49,71,129580,22,12,2,9,5,8,2,14,4,4,0
EMP0736,42,Female,Finance,Bachelor,8,8,99,65,63507,25,8,3,8,7,1,1,2,2,3,0
EMP0737,50,Female,Finance,MBA,23,12,81,81,143961,10,12,15,8,8,9,3,14,4,0,1
EMP0738,37,Male,HR,PhD,1,24,79,91,117969,27,1,11,9,8,7,4,5,2,4,0
EMP0739,46,Male,Sales,MBA,7,23,72,79,116493,1,12,10,3,8,4,4,0,0,3,0
EMP0740,56,Female,Sales,PhD,14,8,52,60,31523,7,10,11,8,3,3,2,13,5,9,0
EMP0741,21,Female,Operations,Master,6,11,95,65,111923,28,7,7,1,2,6,4,0,5,7,0
EMP0742,28,Male,Operations,MBA,5,14,80,78,82190,10,1,18,8,4,9,1,4,1,1,0
EMP0743,55,Male,HR,Bachelor,0,8,93,77,72761,36,0,7,7,1,9,4,0,1,7,0
EMP0744,35,Female,Operations,Master,14,29,81,65,56169,17,9,5,8,3,4,2,9,0,0,0
EMP0745,42,Male,Marketing,Bachelor,22,24,86,92,70641,13,2,4,1,9,5,1,7,0,3,0
EMP0746,34,Female,IT,Master,6,28,76,82,47990,9,8,19,6,7,9,3,1,2,2,0
EMP0747,46,Male,IT,MBA,24,10,93,82,54661,34,11,5,7,7,2,1,5,0,4,0
EMP0748,48,Male,IT,PhD,16,7,55,85,38419,8,2,9,5,1,2,2,9,2,4,0
EMP0749,43,Male,HR,Master,1,28,84,72,39457,34,8,18,5,7,5,2,9,4,4,0
EMP0750,34,Male,HR,PhD,8,17,61,66,92600,10,6,6,7,7,1,4,4,1,3,0
EMP0751,44,Female,Finance,Master,8,4,96,74,128619,11,12,14,3,4,8,4,9,1,7,0
EMP0752,22,Male,IT,Bachelor,12,29,59,86,101102,2,9,2,6,7,5,3,11,5,2,0
EMP0753,46,Male,Marketing,Bachelor,5,13,89,85,58085,38,0,14,7,8,2,3,11,5,3,0
EMP0754,34,Female,Operations,Master,5,4,82,92,122064,13,9,5,1,3,9,2,3,1,0,0
EMP0755,27,Male,Marketing,PhD,19,5,66,74,75654,27,4,15,2,2,2,2,0,4,6,0
EMP0756,23,Male,Operations,MBA,19,26,80,95,31130,10,8,4,4,7,7,2,13,4,0,0
EMP0757,43,Female,IT,MBA,20,22,55,86,130723,38,11,6,8,5,8,3,13,3,1,0
EMP0758,38,Male,IT,Bachelor,2,4,73,64,27042,24,14,8,6,5,6,2,2,2,6,0
EMP0759,58,Female,IT,MBA,16,18,71,61,95134,20,14,2,1,5,7,3,12,5,0,0
EMP0760,55,Female,HR,Bachelor,16,6,65,92,67982,9,2,13,5,7,1,2,11,2,2,0
EMP0761,35,Female,Operations,MBA,11,24,64,75,123422,14,8,12,7,9,4,1,3,5,5,0
EMP0762,45,Female,HR,Master,15,24,41,82,90185,18,4,9,6,8,7,1,1,3,5,0
EMP0763,57,Male,HR,Bachelor,14,23,51,97,58477,21,8,7,9,6,1,2,11,1,5,0
EMP0764,48,Female,Sales,Bachelor,12,22,79,75,139161,20,9,3,8,7,1,1,1,2,1,0
EMP0765,30,Male,Marketing,Master,22,2,48,73,77709,31,5,15,4,9,6,3,1,5,1,0
EMP0766,59,Male,Marketing,Bachelor,0,23,51,88,53716,22,8,2,5,6,4,4,10,2,5,0
EMP0767,37,Male,Finance,MBA,16,11,65,85,103137,12,6,11,7,1,3,1,0,1,9,0
EMP0768,59,Male,HR,MBA,2,28,48,94,61018,4,6,17,8,4,5,4,9,0,4,0
EMP0769,42,Male,Operations,Bachelor,14,14,49,74,33061,3,7,5,5,8,9,1,1,5,6,0
EMP0770,46,Male,Sales,MBA,3,5,71,62,33609,27,6,12,9,7,3,3,5,0,6,0
EMP0771,45,Male,Sales,PhD,3,6,96,82,60371,13,11,17,4,3,5,1,2,3,4,0
EMP0772,37,Male,Marketing,Bachelor,17,10,73,88,135350,7,8,2,4,3,5,1,9,4,7,0
EMP0773,33,Male,HR,Master,16,8,87,93,108021,8,10,17,8,3,9,2,4,2,9,0
EMP0774,40,Male,Finance,PhD,18,14,59,92,45805,34,8,10,1,1,4,4,0,5,5,0
EMP0775,45,Female,HR,Bachelor,10,24,78,82,32857,36,5,10,8,1,1,4,7,2,4,1
EMP0776,24,Female,IT,Master,19,3,99,66,36620,20,6,10,5,6,5,3,12,3,3,0
EMP0777,30,Female,HR,MBA,2,12,41,62,33177,17,1,18,1,1,1,3,3,3,6,0
EMP0778,23,Male,IT,Master,7,16,40,91,55111,32,14,13,4,5,6,4,8,2,3,0
EMP0779,38,Female,IT,PhD,13,28,90,90,145770,7,8,14,2,4,7,2,3,5,4,0
EMP0780,56,Female,Finance,MBA,0,23,99,77,113578,16,11,9,4,5,1,2,13,1,4,0
EMP0781,42,Female,Operations,Bachelor,13,17,75,66,109181,30,12,17,8,7,4,4,14,1,0,0
EMP0782,54,Male,Marketing,MBA,1,1,63,60,114941,33,0,19,5,6,9,1,14,4,0,0
EMP0783,28,Male,HR,Bachelor,22,23,93,73,36826,5,0,2,1,9,1,4,14,2,2,0
EMP0784,39,Male,IT,Bachelor,3,10,66,91,38890,21,2,2,7,6,9,1,1,2,2,0
EMP0785,57,Male,HR,Master,23,25,41,65,107428,13,11,13,1,9,8,4,2,5,1,0
EMP0786,26,Female,Operations,Master,18,23,70,98,142067,2,5,7,9,4,5,1,4,2,1,0
EMP0787,46,Female,Marketing,Master,5,10,96,69,83031,11,4,10,3,1,6,2,11,5,5,0
EMP0788,54,Female,Operations,PhD,24,21,53,66,144440,35,14,6,3,1,7,4,9,2,0,0
EMP0789,26,Female,Marketing,PhD,0,24,41,85,137134,11,1,17,6,7,4,3,14,3,5,0
EMP0790,57,Male,Sales,Master,16,2,68,93,100020,1,8,19,6,3,6,1,12,0,4,0
EMP0791,53,Male,Marketing,PhD,7,9,54,89,30495,1,13,18,6,2,7,2,12,2,5,0
EMP0792,42,Male,Finance,MBA,18,22,51,95,53481,14,12,19,1,6,6,3,13,0,4,0
EMP0793,41,Female,Operations,MBA,20,13,76,80,36267,22,9,2,5,6,6,2,5,1,6,0
EMP0794,26,Male,IT,PhD,0,25,67,76,142897,28,13,9,6,7,2,1,6,4,0,0
EMP0795,26,Male,Sales,PhD,4,16,59,92,130702,16,3,4,8,5,5,4,3,1,2,0
EMP0796,24,Female,Finance,MBA,15,18,78,69,31743,31,3,6,1,8,3,2,6,2,5,0
EMP0797,50,Female,HR,Bachelor,5,19,63,71,79800,6,4,9,5,7,7,4,14,5,0,0
EMP0798,31,Male,Operations,MBA,7,12,60,75,128475,29,14,19,3,2,4,4,9,1,6,0
EMP0799,50,Male,IT,MBA,12,8,49,91,73773,27,7,19,2,1,1,2,2,3,3,0
EMP0800,51,Male,Marketing,PhD,15,17,85,74,82042,13,9,2,8,9,6,2,6,0,2,0
EMP0801,44,Male,IT,MBA,2,15,53,86,74476,29,3,16,7,5,6,2,3,5,9,0
EMP0802,29,Male,HR,PhD,18,10,76,87,117105,16,4,19,7,5,7,4,12,5,8,1
EMP0803,23,Male,Sales,PhD,11,15,57,76,53552,31,11,8,5,4,8,3,12,2,0,0
EMP0804,51,Female,Sales,Master,15,15,63,61,90242,5,3,17,9,2,3,1,7,3,7,0
EMP0805,57,Female,Operations,MBA,10,23,53,95,70772,23,13,17,5,5,6,3,8,0,0,0
EMP0806,56,Female,Sales,Bachelor,9,7,73,66,68730,5,5,16,2,2,2,4,6,3,4,0
EMP0807,44,Male,Operations,Master,24,13,97,72,53948,26,11,7,3,7,9,2,7,1,9,0
EMP0808,51,Female,Operations,PhD,19,17,51,74,101311,17,2,10,4,9,2,2,7,2,7,0
EMP0809,26,Male,Operations,PhD,3,9,61,84,94093,23,7,8,5,9,3,1,1,5,5,0
EMP0810,22,Male,Marketing,Bachelor,11,8,95,82,94123,36,5,15,3,6,2,1,8,5,6,0
EMP0811,40,Female,Finance,PhD,22,20,45,81,41535,23,9,12,7,1,9,3,5,1,7,0
EMP0812,48,Male,Operations,MBA,1,26,75,85,91490,37,4,17,5,6,1,3,10,5,5,0
EMP0813,31,Male,Operations,Master,23,27,84,92,71562,33,12,7,5,5,5,1,3,4,5,0
EMP0814,24,Female,Finance,PhD,21,21,75,70,144042,39,14,17,6,4,1,4,14,2,5,0
EMP0815,35,Female,IT,PhD,18,18,61,69,114080,14,1,17,7,6,5,3,4,1,4,0
EMP0816,26,Female,Operations,Bachelor,24,13,53,84,83535,10,9,13,8,6,8,2,9,2,7,0
EMP0817,50,Male,Marketing,MBA,4,16,55,96,123991,21,9,18,9,6,8,2,4,0,1,0
EMP0818,58,Female,Sales,PhD,7,9,75,97,66269,23,6,6,4,2,8,4,6,2,6,0
EMP0819,22,Female,Sales,Bachelor,6,12,95,83,105674,0,1,14,5,7,2,1,13,2,3,0
EMP0820,35,Male,HR,PhD,13,12,64,99,67462,17,0,9,5,4,8,3,8,0,0,0
EMP0821,31,Female,HR,Bachelor,23,6,71,92,28127,11,6,6,8,9,5,2,6,1,4,0
EMP0822,28,Female,Sales,Bachelor,22,19,72,76,48147,27,4,13,9,2,1,1,8,2,2,0
EMP0823,46,Female,Sales,MBA,2,28,84,83,70528,39,0,10,7,5,7,3,3,3,3,0
EMP0824,25,Male,Marketing,PhD,17,7,75,96,102095,6,14,4,5,4,6,4,9,2,6,0
EMP0825,26,Male,Finance,MBA,15,25,59,61,138100,22,3,4,3,9,5,2,13,1,4,0
EMP0826,46,Male,HR,Bachelor,22,3,57,91,93931,20,11,2,1,4,1,4,9,5,3,0
EMP0827,24,Male,Finance,Master,18,16,77,83,115925,33,12,19,9,8,1,4,3,0,0,1
EMP0828,39,Female,Marketing,PhD,18,18,42,68,91381,10,3,13,5,8,6,4,5,5,5,0
EMP0829,40,Male,Sales,Master,17,16,62,63,124468,21,9,10,9,6,7,3,7,1,9,0
EMP0830,53,Male,Operations,PhD,19,23,71,76,136258,34,6,10,4,6,1,4,13,4,5,0
EMP0831,40,Female,Finance,MBA,15,7,84,76,88749,28,8,19,5,8,9,3,8,5,6,0
EMP0832,32,Female,Sales,MBA,7,4,98,89,63672,27,1,19,4,9,4,3,0,2,0,0
EMP0833,21,Female,Sales,MBA,0,27,55,99,38731,17,11,8,2,5,5,4,0,2,3,0
EMP0834,46,Male,IT,MBA,16,25,98,70,149647,13,13,5,1,1,2,4,12,0,8,0
EMP0835,34,Male,Finance,MBA,11,8,44,80,79512,17,0,14,8,1,8,1,7,2,9,0
EMP0836,58,Male,Operations,Master,20,13,43,80,123658,27,1,18,4,2,2,2,10,3,5,0
EMP0837,57,Female,Finance,MBA,10,13,60,77,76024,23,6,3,5,5,3,1,6,3,1,0
EMP0838,31,Female,Sales,Bachelor,4,17,79,88,141712,7,12,15,6,4,9,2,8,5,3,0
EMP0839,56,Male,Operations,Bachelor,11,17,90,83,126121,7,9,4,8,1,2,2,10,1,5,0
EMP0840,33,Female,Marketing,Master,16,5,53,69,28832,3,5,6,8,4,6,1,2,0,3,0
EMP0841,23,Female,IT,PhD,5,6,78,76,57332,26,3,15,7,4,4,1,9,4,9,0
EMP0842,53,Female,Sales,Bachelor,0,19,70,77,37467,35,0,4,4,4,7,2,11,5,6,0
EMP0843,26,Male,HR,PhD,4,13,53,79,66025,4,12,8,6,1,6,2,4,1,2,0
EMP0844,30,Female,HR,Master,24,25,45,96,38107,32,0,19,4,9,9,2,2,0,5,0
EMP0845,25,Female,IT,PhD,13,28,51,77,102994,33,4,14,7,3,9,3,14,0,3,0
EMP0846,43,Male,Marketing,PhD,4,26,55,76,119202,29,14,11,1,4,4,2,4,5,2,0
EMP0847,30,Male,Sales,PhD,21,14,56,68,68481,7,0,14,5,5,1,4,9,1,2,0
EMP0848,22,Female,Finance,PhD,23,22,84,73,27581,38,11,17,4,7,2,4,0,1,1,0
EMP0849,33,Female,IT,Master,0,4,62,88,100118,25,14,10,7,6,8,4,13,2,2,0
EMP0850,22,Male,Marketing,Bachelor,17,28,53,90,149010,36,6,3,9,5,8,1,10,4,9,0
EMP0851,40,Male,Finance,MBA,15,7,46,63,76638,33,12,6,5,8,2,1,3,3,0,0
EMP0852,21,Female,HR,PhD,8,8,85,77,148714,6,10,18,4,1,4,1,5,2,2,0
EMP0853,57,Female,HR,Bachelor,18,25,71,79,33418,39,0,5,9,7,1,2,1,0,8,0
EMP0854,29,Female,Finance,Bachelor,21,13,54,68,118627,27,0,18,5,6,7,4,12,4,3,0
EMP0855,37,Female,IT,Master,4,27,83,72,54113,38,1,10,9,5,4,2,6,4,2,0
EMP0856,29,Male,HR,Bachelor,1,6,56,74,109363,38,12,3,8,7,8,3,7,1,7,0
EMP0857,31,Female,Sales,Master,14,6,80,86,148607,27,13,19,4,3,9,3,0,4,0,0
EMP0858,35,Female,Operations,PhD,6,24,93,74,88044,13,10,12,7,1,9,1,12,5,4,0
EMP0859,44,Male,Finance,PhD,3,28,86,87,104955,37,11,14,5,9,3,3,3,4,0,0
EMP0860,58,Female,Finance,MBA,0,21,83,96,86030,3,9,9,4,2,5,4,10,0,6,0
EMP0861,55,Male,HR,MBA,12,3,73,78,36814,17,2,2,5,3,6,3,3,5,4,0
EMP0862,50,Female,IT,MBA,19,28,44,85,124340,24,12,18,5,8,6,1,12,5,1,0
EMP0863,51,Female,Sales,Bachelor,21,3,84,85,35024,6,10,13,9,9,8,2,4,2,0,0
EMP0864,25,Male,IT,PhD,6,13,66,84,88288,37,14,5,9,3,6,3,13,4,6,0
EMP0865,34,Male,Marketing,Master,14,22,91,85,134236,27,0,14,6,6,6,4,11,1,0,0
EMP0866,31,Female,Marketing,MBA,22,2,62,85,82836,4,14,10,4,7,4,4,11,2,2,0
EMP0867,29,Female,Operations,Master,13,16,79,87,32435,2,8,8,2,1,7,4,3,1,5,0
EMP0868,54,Female,HR,Master,22,22,98,77,92084,30,9,6,3,7,8,2,8,4,5,0
EMP0869,32,Male,HR,MBA,18,29,53,91,149023,19,7,6,2,4,3,4,6,2,6,0
EMP0870,55,Female,HR,PhD,21,6,54,62,95601,18,4,18,5,5,7,1,12,4,0,0
EMP0871,55,Male,Operations,MBA,23,8,82,61,113416,10,12,10,6,8,3,1,1,0,6,0
EMP0872,21,Male,Marketing,Master,19,23,72,92,145871,39,10,7,5,4,8,4,0,2,1,0
EMP0873,42,Female,IT,MBA,23,8,92,78,143645,2,1,17,2,4,1,3,8,1,5,0
EMP0874,49,Male,Operations,Master,17,25,70,76,28407,22,4,3,5,8,1,4,0,0,7,0
EMP0875,28,Female,Operations,Master,9,6,74,92,123943,6,5,11,9,5,6,1,5,3,4,0
EMP0876,31,Female,IT,MBA,8,14,56,71,57940,22,13,17,4,6,9,1,14,1,9,0
EMP0877,57,Female,HR,Bachelor,24,3,67,62,30666,6,14,6,2,5,4,1,14,4,2,0
EMP0878,34,Female,Sales,MBA,7,10,58,85,62122,33,0,16,3,1,6,3,1,1,7,0
EMP0879,50,Female,IT,Bachelor,9,3,85,94,143647,18,10,14,3,7,5,3,3,3,7,0
EMP0880,55,Male,Marketing,Master,16,27,93,67,50092,8,3,14,9,6,1,3,5,1,3,0
EMP0881,41,Male,Finance,Master,1,12,62,95,148402,17,8,14,4,2,6,1,4,0,7,0
EMP0882,57,Female,Finance,Bachelor,5,17,71,66,100645,24,1,16,1,7,9,2,10,5,4,0
EMP0883,25,Female,Operations,Master,4,27,79,95,126190,13,4,15,1,6,3,4,5,1,4,0
EMP0884,39,Male,Finance,Bachelor,8,29,52,75,125468,24,0,9,7,5,3,4,2,2,2,0
EMP0885,34,Male,Sales,Bachelor,4,5,98,83,51505,18,3,12,7,8,2,1,4,3,6,0
EMP0886,46,Male,HR,Master,17,20,59,60,61713,38,3,19,2,5,4,3,1,1,8,0
EMP0887,24,Male,Marketing,PhD,19,25,74,84,79387,14,5,5,9,2,3,2,6,3,8,0
EMP0888,45,Female,Sales,Bachelor,8,9,44,69,68169,15,9,11,9,6,2,2,2,5,0,0
EMP0889,45,Female,Marketing,MBA,16,21,48,75,98282,26,8,2,5,1,1,3,0,0,0,0
EMP0890,38,Male,Marketing,MBA,16,26,68,75,102511,39,2,6,3,5,3,4,13,2,9,0
EMP0891,28,Female,HR,Master,11,20,45,67,76742,9,8,14,3,6,6,4,7,4,4,0
EMP0892,59,Male,Operations,PhD,6,7,64,88,65522,3,5,2,3,7,9,2,7,1,0,0
EMP0893,34,Female,Finance,Master,2,22,70,98,106132,18,6,9,6,2,5,2,2,0,3,0
EMP0894,52,Male,HR,PhD,9,4,61,87,144622,27,11,4,4,1,3,3,12,3,0,0
EMP0895,58,Female,Sales,Bachelor,1,13,41,65,143764,20,9,4,8,6,5,4,6,5,1,0
EMP0896,53,Male,Operations,Bachelor,24,13,84,75,128489,13,1,8,5,3,5,2,8,3,1,0
EMP0897,43,Male,Sales,Bachelor,2,10,44,79,124397,32,10,5,1,5,5,4,7,5,3,0
EMP0898,35,Female,Operations,Bachelor,15,18,99,75,28880,9,9,4,9,2,7,2,2,5,7,0
EMP0899,53,Male,Sales,MBA,1,17,66,66,68454,18,13,16,1,1,5,3,14,0,1,0
EMP0900,45,Female,HR,MBA,23,20,64,73,80711,29,5,9,6,1,7,4,12,1,8,0
EMP0901,37,Female,Operations,Master,9,20,47,85,68539,21,5,4,1,4,9,2,1,4,8,0
EMP0902,53,Male,Operations,PhD,5,13,94,85,133984,2,1,8,3,2,5,2,12,1,1,0
EMP0903,22,Female,Marketing,Bachelor,21,17,40,73,93321,36,1,19,5,1,2,2,9,2,0,0
EMP0904,34,Female,Marketing,Bachelor,10,22,59,66,112985,17,13,12,7,6,5,2,6,1,9,0
EMP0905,59,Female,IT,PhD,22,4,83,92,39799,10,1,12,8,4,8,3,6,5,9,0
EMP0906,26,Female,Sales,PhD,6,1,62,85,139584,1,9,18,9,7,4,4,8,5,8,0
EMP0907,26,Female,Marketing,Master,14,1,71,79,129843,11,11,7,6,6,2,4,4,2,1,0
EMP0908,23,Male,IT,PhD,5,15,50,62,85102,5,0,9,9,5,3,1,3,3,7,0
EMP0909,27,Female,Marketing,Bachelor,19,13,78,63,75726,39,4,2,8,2,9,4,7,5,2,0
EMP0910,28,Female,Sales,Bachelor,8,17,86,85,73784,28,7,11,9,5,9,1,13,2,0,0
EMP0911,35,Female,Operations,Bachelor,21,24,93,70,145364,29,1,4,4,9,8,2,3,5,0,0
EMP0912,49,Female,Finance,Bachelor,19,26,63,61,138034,1,12,5,9,9,8,3,3,4,9,0
EMP0913,53,Female,Sales,Bachelor,11,8,50,73,68333,8,14,12,7,2,8,3,11,5,1,0
EMP0914,50,Male,HR,Master,18,18,68,89,65828,1,4,16,5,7,8,2,13,0,6,0
EMP0915,59,Female,Marketing,Bachelor,19,27,93,71,94526,28,11,2,5,4,8,1,11,2,5,0
EMP0916,47,Male,Marketing,Master,2,13,65,85,79362,32,7,10,1,3,1,2,1,1,1,0
EMP0917,56,Male,Operations,Bachelor,14,23,55,92,78997,9,9,12,2,1,6,3,12,2,3,0
EMP0918,49,Male,HR,MBA,1,14,74,72,148973,33,13,14,3,3,9,3,14,3,1,0
EMP0919,58,Male,Operations,MBA,20,8,59,73,75341,7,4,17,8,9,8,4,0,5,0,0
EMP0920,53,Female,HR,MBA,1,8,85,83,44073,36,1,5,6,9,3,1,3,2,2,0
EMP0921,57,Male,Finance,MBA,21,27,42,93,127399,32,2,2,5,7,1,4,6,4,3,0
EMP0922,47,Male,Marketing,Master,2,26,40,85,39549,5,14,14,1,3,2,3,11,2,9,0
EMP0923,53,Female,Marketing,Master,5,15,97,80,108795,39,5,2,9,3,2,3,8,4,4,0
EMP0924,24,Female,Finance,PhD,14,27,92,87,81920,18,10,6,3,4,7,4,8,5,4,0
EMP0925,42,Female,IT,Bachelor,9,13,86,95,110326,31,10,6,3,7,6,4,11,1,6,0
EMP0926,22,Male,Operations,MBA,8,7,40,99,100515,26,4,15,2,7,2,3,9,5,9,0
EMP0927,30,Female,Finance,Master,0,5,56,61,45316,0,10,15,4,2,8,4,14,3,7,0
EMP0928,25,Female,Operations,Bachelor,15,17,41,68,51183,32,3,9,2,5,9,4,0,0,8,0
EMP0929,30,Male,Sales,Bachelor,5,28,68,82,118860,39,3,5,9,7,7,1,4,1,6,0
EMP0930,53,Female,Marketing,Master,8,25,59,74,49624,31,4,8,7,7,4,3,6,1,4,0
EMP0931,58,Female,Operations,MBA,3,29,45,72,87515,4,1,16,8,6,1,2,12,0,8,0
EMP0932,33,Female,HR,PhD,1,16,47,82,128712,16,8,5,3,8,4,1,6,2,7,0
EMP0933,51,Female,Operations,Bachelor,3,23,68,76,110781,7,1,10,6,3,4,2,9,5,9,0
EMP0934,56,Male,Sales,PhD,0,2,87,61,71705,33,9,14,6,1,8,4,5,2,8,0
EMP0935,44,Female,Marketing,MBA,18,22,90,79,114326,8,1,15,1,3,4,4,10,2,9,0
EMP0936,35,Female,Finance,MBA,24,18,72,79,51756,22,9,15,6,2,4,2,9,5,7,0
EMP0937,49,Male,Sales,PhD,9,17,42,62,85390,34,13,11,3,2,2,4,3,3,5,0
EMP0938,28,Female,Marketing,MBA,20,7,99,71,93369,6,8,17,3,2,7,4,2,1,3,0
EMP0939,25,Male,Operations,Bachelor,14,13,74,99,95821,14,13,6,3,5,4,1,11,4,8,0
EMP0940,49,Female,IT,PhD,21,18,44,61,34589,19,2,7,8,1,6,2,12,0,8,0
EMP0941,24,Male,IT,MBA,18,29,66,95,138012,24,14,3,5,4,3,1,8,1,9,0
EMP0942,32,Male,HR,PhD,15,14,83,73,39116,2,9,14,4,5,7,2,14,2,9,0
EMP0943,22,Male,Marketing,Bachelor,20,18,51,75,98181,23,6,14,9,2,6,1,11,0,8,0
EMP0944,47,Male,IT,MBA,23,13,59,78,69786,33,3,19,9,5,3,3,12,4,9,0
EMP0945,51,Female,Finance,Bachelor,21,11,84,93,119686,21,12,2,1,4,4,3,9,1,2,0
EMP0946,56,Male,Marketing,MBA,3,21,59,65,148711,10,12,9,2,8,5,2,3,1,2,0
EMP0947,56,Female,Finance,Master,1,21,48,72,101425,7,5,17,8,1,9,3,7,3,5,0
EMP0948,46,Male,Finance,MBA,24,16,78,95,55286,38,13,3,5,5,6,1,12,1,5,0
EMP0949,47,Male,IT,PhD,12,23,43,81,128081,34,3,9,7,1,4,2,0,1,5,0
EMP0950,25,Male,Marketing,MBA,0,17,90,77,40994,37,9,7,1,4,7,3,6,4,4,0
EMP0951,40,Female,Operations,Bachelor,16,8,93,71,126039,7,14,17,5,8,2,3,11,4,4,0
EMP0952,31,Male,Sales,Bachelor,12,19,58,89,136915,36,6,12,3,1,4,2,5,0,1,0
EMP0953,30,Female,IT,MBA,3,20,77,99,147961,26,0,18,2,2,5,3,12,2,6,0
EMP0954,58,Female,IT,PhD,6,15,66,66,115198,27,2,12,2,1,4,3,11,4,3,0
EMP0955,26,Female,Operations,Master,16,9,84,91,129672,39,12,9,9,7,4,2,0,0,2,0
EMP0956,28,Female,Marketing,PhD,8,20,82,78,51639,33,2,5,4,2,9,3,14,1,7,0
EMP0957,43,Female,Marketing,Master,3,10,52,65,42205,31,0,12,4,1,2,3,3,0,3,0
EMP0958,46,Female,Finance,Bachelor,18,12,52,79,81677,14,5,9,7,6,6,3,11,0,3,0
EMP0959,32,Female,Operations,PhD,0,21,99,86,57930,16,14,10,2,6,8,3,14,0,7,0
EMP0960,46,Female,Operations,Master,9,23,96,96,98313,32,12,3,3,2,8,4,13,5,0,0
EMP0961,33,Female,Marketing,MBA,3,20,61,66,118851,15,10,17,3,1,7,2,4,0,8,0
EMP0962,38,Male,Finance,Bachelor,8,1,67,64,138153,28,13,7,6,3,4,4,10,4,6,0
EMP0963,45,Male,IT,MBA,12,25,91,70,117509,8,8,9,3,5,7,4,7,5,1,0
EMP0964,53,Male,HR,Bachelor,13,20,86,74,43316,32,7,15,5,6,6,1,14,2,5,0
EMP0965,32,Male,Sales,PhD,9,9,92,62,52304,28,10,17,4,3,6,4,3,0,7,0
EMP0966,56,Male,IT,PhD,5,22,84,64,126839,12,6,13,3,9,2,4,2,3,4,0
EMP0967,24,Female,Marketing,Bachelor,15,15,61,82,121058,20,9,6,8,5,8,1,1,1,5,0
EMP0968,25,Female,Sales,Bachelor,5,1,82,96,112876,20,7,19,3,2,8,3,3,1,9,0
EMP0969,57,Female,HR,Bachelor,16,12,58,68,110366,4,5,10,6,6,7,3,10,5,7,0
EMP0970,28,Female,HR,PhD,9,3,47,74,38403,9,8,3,7,8,9,4,9,1,5,0
EMP0971,48,Female,Finance,Master,17,11,91,62,105052,5,2,13,7,6,8,1,13,1,8,0
EMP0972,51,Female,Sales,MBA,21,2,47,88,142478,12,14,3,2,4,9,3,12,5,8,0
EMP0973,29,Female,Finance,MBA,17,16,81,65,109627,0,9,11,3,6,9,1,3,1,8,0
EMP0974,49,Male,IT,PhD,2,9,65,76,98495,19,9,2,4,8,6,2,12,0,5,0
EMP0975,34,Male,Operations,MBA,19,15,87,85,56932,7,8,5,7,8,2,2,9,2,8,0
EMP0976,42,Male,Operations,Bachelor,20,12,90,80,121090,9,3,13,2,2,7,2,4,5,2,0
EMP0977,31,Male,Operations,Master,24,1,65,67,61701,8,6,10,3,8,3,2,12,3,4,0
EMP0978,43,Female,Sales,MBA,14,13,62,80,28385,2,14,5,7,6,7,4,6,5,1,0
EMP0979,21,Female,Operations,Master,14,14,82,70,146324,10,12,10,7,2,9,2,8,4,7,0
EMP0980,57,Female,IT,Bachelor,3,25,52,97,124226,11,8,7,3,1,2,2,1,3,3,0
EMP0981,41,Male,Finance,MBA,8,25,67,67,82241,9,1,2,1,6,6,1,4,4,5,0
EMP0982,46,Female,Sales,PhD,18,8,48,83,35367,24,1,11,3,7,6,3,10,5,5,0
EMP0983,56,Female,Finance,Master,23,8,59,94,90030,24,8,15,5,5,9,1,9,4,4,0
EMP0984,43,Female,Sales,Bachelor,16,27,95,73,71505,10,11,19,7,8,9,4,8,3,0,0
EMP0985,21,Male,Finance,Master,10,12,58,73,149462,35,12,7,4,9,5,2,11,0,6,0
EMP0986,35,Female,HR,MBA,24,1,87,69,58332,38,2,19,1,4,5,3,13,5,9,0
EMP0987,41,Male,Finance,MBA,8,11,78,71,110178,25,8,17,6,7,9,3,12,5,7,0
EMP0988,29,Male,Operations,PhD,9,8,90,97,101325,13,12,16,2,8,8,2,2,1,0,0
EMP0989,29,Male,HR,Bachelor,17,10,51,93,60268,38,14,17,3,6,7,2,0,5,9,0
EMP0990,30,Male,Finance,Bachelor,19,19,54,69,111486,39,4,9,4,2,8,4,1,5,6,0
EMP0991,46,Female,Sales,PhD,12,11,70,76,50563,0,5,14,6,7,6,4,13,0,3,0
EMP0992,55,Male,Sales,PhD,7,7,94,76,130185,3,1,12,6,9,3,2,5,1,5,0
EMP0993,45,Male,Sales,Bachelor,6,11,53,62,61404,29,7,8,7,5,7,2,4,2,8,0
EMP0994,46,Female,Marketing,Master,16,17,50,90,80182,11,10,18,5,2,8,2,0,4,4,0
EMP0995,31,Female,IT,Master,20,1,65,60,57991,34,8,19,7,4,8,2,0,3,7,0
EMP0996,58,Male,Sales,PhD,22,26,81,71,129601,12,1,14,2,3,1,3,10,2,4,0
EMP0997,22,Female,HR,Master,14,29,66,98,72663,30,5,16,1,4,7,4,3,1,1,0
EMP0998,27,Male,Sales,Bachelor,19,21,50,63,90886,37,5,2,8,7,3,2,11,0,3,0
EMP0999,38,Male,Marketing,MBA,14,21,77,72,147002,22,7,17,1,8,2,2,14,3,1,0
EMP1000,47,Male,Operations,MBA,0,8,73,93,108848,3,9,6,2,1,2,3,3,4,6,0
